accuracy,coverage,density,f_score,total_active_feature_count,avg_active_feature_count,class1_leaf_count,depth,splits,leaves,axis_aligned_splits,n_features,n_samples,runtime
0.8436,0.0,0.0,0.0,0,0.0,0,0,0,1,0,2,10000,122.01153039999917
0.8436,0.0,0.0,0.0,2,1.5,0,1,1,2,0,2,10000,122.01153039999917
0.8436,0.0,0.0,0.0,2,1.5,0,2,3,4,1,2,10000,122.01153039999917
0.8604,0.9322250639386189,0.5305676855895196,0.6762523191094619,2,1.5,1,3,6,7,2,2,10000,122.01153039999917
0.8905,0.9315856777493606,0.5959100204498977,0.7268645547518084,2,1.5,1,4,10,11,4,2,10000,122.01153039999917
0.9203,0.7896419437340153,0.7251908396946565,0.7560453014998468,2,1.5,2,5,13,14,5,2,10000,122.01153039999917
0.9343,0.8919437340153452,0.7408390865639937,0.8093994778067884,2,1.5,4,6,16,17,7,2,10000,122.01153039999917
0.9563,0.9386189258312021,0.8114980652294085,0.8704417432552624,2,1.5,5,7,20,21,9,2,10000,122.01153039999917
0.9708,0.9181585677749361,0.8975,0.9077117572692794,2,1.5,5,8,25,26,11,2,10000,122.01153039999917
