shape,label_noise,n_samples,seed,data_dim,algorithm,depth,accuracy,coverage,density,f_score,gini_coverage_all_leaves,gini_density_all_leaves,splits,leaves,total_active_feature_count,avg_active_feature_count,runtime
barbell_3d,0.03,10000,1,3,randcart,0,0.8042,0.0,,,0.0,0.0,0,1,0,0.0,1.4592893421649933e-05
barbell_3d,0.03,10000,1,3,randcart,1,0.8042,0.0,,,0.48161389172625113,0.4181877138005634,1,2,3,0.0,40.72616226039827
barbell_3d,0.03,10000,1,3,randcart,2,0.8147,0.3089887640449438,0.5475113122171946,0.39503754489063014,0.5725229826353422,0.40420944044654683,3,4,3,3.0,69.95176244154572
barbell_3d,0.03,10000,1,3,randcart,3,0.8043,0.0010214504596527069,0.6666666666666666,0.0020397756246812847,0.8054136874361595,0.5077108787669649,7,8,3,3.0,87.42210606858134
barbell_3d,0.03,10000,1,3,randcart,4,0.8055,0.04187946884576098,0.543046357615894,0.0777619724988146,0.8800136193394621,0.59380629488677,14,15,3,3.0,101.60388816241175
barbell_3d,0.03,10000,1,3,randcart,5,0.8779,0.6210418794688458,0.7174041297935103,0.6657541746509719,0.8404965820696157,0.5799176767629837,25,26,3,3.0,112.96852352563292
barbell_3d,0.03,10000,1,3,randcart,6,0.8996,0.8810010214504597,0.6911057692307693,0.7745846430175123,0.8599396857823827,0.6289828562969657,41,42,3,3.0,109.04940736759454
barbell_3d,0.03,10000,1,3,randcart,7,0.9127,0.7093973442288048,0.8204370939161252,0.7608874281018898,0.8886335262739757,0.5979176092877201,71,72,3,3.0,117.35542422533035
barbell_3d,0.03,10000,1,3,randcart,8,0.9412,0.8825331971399387,0.8283796740172579,0.8545994065281899,0.8956843718079672,0.5921079969424434,111,112,3,3.0,120.92279590945691
barbell_3d,0.03,10000,1,3,randcart,9,0.9129,0.6991828396322778,0.8291944276196245,0.7586589082848435,0.9242522729383162,0.5841482591458622,120,121,3,3.0,131.21948862541467
barbell_3d,0.03,10000,1,3,randcart,10,0.9601,0.9136874361593462,0.8860822189202575,0.8996731204425445,0.9184882533197141,0.5990221881329949,219,220,3,3.0,125.0233748536557
barbell_3d,0.03,10000,1,3,randcart,11,0.9638,0.9203268641470889,0.897410358565737,0.9087241553202219,0.8952584097990577,0.5661800374558867,237,238,3,3.0,132.79150212556124
barbell_3d,0.03,10000,1,3,randcart,12,0.9655,0.906026557711951,0.9167958656330749,0.9113793989211405,0.8960944996440399,0.570692586473337,263,264,3,3.0,133.16452226694673
