shape,label_noise,n_samples,seed,data_dim,algorithm,depth,accuracy,coverage,density,f_score,gini_coverage_all_leaves,gini_density_all_leaves,splits,leaves,total_active_feature_count,avg_active_feature_count,runtime
barbell_2d,0.07,10000,11,2,hhcart_a,0,0.5443,0.0,,,0.0,0.0,0,1,0,0.0,6.411224603652954e-06
barbell_2d,0.07,10000,11,2,hhcart_a,1,0.6309,0.9659863945578232,0.5545477450239354,0.7046018407362944,0.4659863945578231,0.380629424891878,1,2,2,0.0,106.87399621726944
barbell_2d,0.07,10000,11,2,hhcart_a,2,0.8085,0.902348035988589,0.7366535292010032,0.8111253575303284,0.6776936581084048,0.4956498230330706,3,4,2,2.0,180.26191733870652
barbell_2d,0.07,10000,11,2,hhcart_a,3,0.8248,0.8832565284178188,0.7673975214489991,0.8212609671495613,0.7982499451393461,0.4633344011140452,7,8,2,2.0,221.61211803602052
barbell_2d,0.07,10000,11,2,hhcart_a,4,0.836,0.8540706605222734,0.7996712553934662,0.8259762308998302,0.861737436910248,0.4742596216268717,15,16,2,2.0,256.7601911369711
barbell_2d,0.07,10000,11,2,hhcart_a,5,0.8381,0.8595567259161729,0.8000408496732027,0.8287316195916641,0.8911352262028638,0.4752003772966964,30,31,2,2.0,289.4058843892999
barbell_2d,0.07,10000,11,2,hhcart_a,6,0.8523,0.836954136493307,0.8386103781882146,0.8377814387699066,0.9008080190601586,0.5311588624071748,55,56,2,2.0,310.1589496801608
barbell_2d,0.07,10000,11,2,hhcart_a,7,0.8619,0.8861092824226465,0.8240816326530612,0.8539706037855557,0.9008756468248068,0.5186973090476179,92,93,2,2.0,322.69371431786567
barbell_2d,0.07,10000,11,2,hhcart_a,8,0.8794,0.8615317094579767,0.8722506109753388,0.8668580260543166,0.8951018894765921,0.5302837584543727,144,145,2,2.0,335.5193479382433
barbell_2d,0.07,10000,11,2,hhcart_a,9,0.891,0.8457318411235462,0.9087479368073568,0.8761082064105479,0.8841724180206694,0.5227710499501834,212,213,2,2.0,338.35793697135523
barbell_2d,0.07,10000,11,2,hhcart_a,10,0.9035,0.870528856703972,0.913634269921695,0.8915608495336554,0.8800147958633235,0.5172846799496758,298,299,2,2.0,343.7933400240727
barbell_2d,0.07,10000,11,2,hhcart_a,11,0.9116,0.8821593153390388,0.9205404167620792,0.9009412819363516,0.8734866336231408,0.5095213973142074,396,397,2,2.0,346.0378889250569
barbell_2d,0.07,10000,11,2,hhcart_a,12,0.9198,0.8986175115207373,0.923337091319053,0.9108096085409252,0.8689407851425794,0.5072825392639144,493,494,2,2.0,349.993968910072
