shape,label_noise,n_samples,seed,data_dim,algorithm,depth,accuracy,coverage,density,f_score,gini_coverage_all_leaves,gini_density_all_leaves,splits,leaves,total_active_feature_count,avg_active_feature_count,runtime
barbell_3d,0.0,10000,1,3,wodt,0,0.8619,0.0,,,0.0,0.0,0,1,0,0.0,0.00031713303178548813
barbell_3d,0.0,10000,1,3,wodt,1,0.8619,0.0,,,0.49637943519189,0.4882448268030226,1,2,3,0.0,0.08274972531944513
barbell_3d,0.0,10000,1,3,wodt,2,0.8619,0.0,,,0.7405865314989137,0.5833134138031313,3,4,3,3.0,0.14865027088671923
barbell_3d,0.0,10000,1,3,wodt,3,0.8619,0.0,,,0.8652244750181028,0.6886553817428505,7,8,3,3.0,0.22891169134527445
barbell_3d,0.0,10000,1,3,wodt,4,0.8711,0.9818971759594497,0.517557251908397,0.677830542364409,0.9202958518671769,0.7671597136851762,13,14,3,3.0,0.3141683815047145
barbell_3d,0.0,10000,1,3,wodt,5,0.8935,0.41346850108616945,0.6912832929782082,0.5174444947893068,0.9093871371206637,0.7620939469701324,21,22,3,3.0,0.4131951704621315
barbell_3d,0.0,10000,1,3,wodt,6,0.9394,0.8385228095582911,0.7514600908500974,0.7926078028747433,0.9122421807479384,0.7048542913924316,30,31,3,3.0,0.5053725298494101
barbell_3d,0.0,10000,1,3,wodt,7,0.9532,0.8247646632874729,0.8344322344322345,0.8295702840495267,0.9281444184362526,0.7042815341964905,42,43,3,3.0,0.6059382846578956
barbell_3d,0.0,10000,1,3,wodt,8,0.9554,0.8653149891383056,0.8213058419243986,0.8427362482369535,0.9206191165821869,0.7010694328488214,55,56,3,3.0,0.7268073875457048
barbell_3d,0.0,10000,1,3,wodt,9,0.9624,0.8443157132512672,0.8786737000753579,0.861152141802068,0.9295644977759387,0.7184253894604395,69,70,3,3.0,0.8477221373468637
barbell_3d,0.0,10000,1,3,wodt,10,0.9681,0.9522085445329471,0.8386479591836735,0.8918277382163445,0.9198844787228666,0.6836366072169777,85,86,3,3.0,0.9895249512046576
barbell_3d,0.0,10000,1,3,wodt,11,0.9801,0.9934829833454019,0.8783610755441741,0.9323819232076112,0.9096065652908514,0.6718919156395744,101,102,3,3.0,1.1178495399653912
barbell_3d,0.0,10000,1,3,wodt,12,0.9907,0.9898624185372918,0.9453665283540802,0.9671029359745315,0.9132342292456446,0.6665717344641295,118,119,3,3.0,1.244868633337319
