shape,label_noise,n_samples,seed,data_dim,algorithm,depth,accuracy,coverage,density,f_score,gini_coverage_all_leaves,gini_density_all_leaves,splits,leaves,total_active_feature_count,avg_active_feature_count,runtime
barbell_3d,0.0,10000,11,3,randcart,0,0.8619,0.0,,,0.0,0.0,0,1,0,0.0,6.1960890889167786e-06
barbell_3d,0.0,10000,11,3,randcart,1,0.8619,0.0,,,0.1574945691527878,0.2497787126912019,1,2,3,0.0,39.121067768894136
barbell_3d,0.0,10000,11,3,randcart,2,0.8619,0.0,,,0.2862056480811006,0.42827493025098584,3,4,3,3.0,68.20574411656708
barbell_3d,0.0,10000,11,3,randcart,3,0.8824,0.3055756698044895,0.6604068857589984,0.4178217821782178,0.6034576393917452,0.6657610788852044,7,8,3,3.0,84.91655001975596
barbell_3d,0.0,10000,11,3,randcart,4,0.8902,0.30629978276611153,0.7513321492007105,0.43518518518518523,0.7736694424330197,0.6643222031305434,15,16,3,3.0,95.17124770954251
barbell_3d,0.0,10000,11,3,randcart,5,0.9127,0.7530774800868936,0.6615776081424937,0.7043684388757196,0.8385506600568149,0.6365648828119044,25,26,3,3.0,102.33043972309679
barbell_3d,0.0,10000,11,3,randcart,6,0.9296,0.7972483707458363,0.7219672131147541,0.7577426015141087,0.8804061615430188,0.6729034265617948,43,44,3,3.0,112.87449573818594
barbell_3d,0.0,10000,11,3,randcart,7,0.9429,0.7885590152063722,0.7960526315789473,0.7922881047653693,0.9042298184723716,0.6863872578608763,57,58,3,3.0,103.31360330805182
barbell_3d,0.0,10000,11,3,randcart,8,0.9688,0.8848660391020999,0.8887272727272727,0.8867924528301888,0.9111548718673284,0.6833552349247924,81,82,3,3.0,114.90268719289452
barbell_3d,0.0,10000,11,3,randcart,9,0.9798,0.9616220130340333,0.8991198375084631,0.9293212036389084,0.9050174220340763,0.5992972941275585,116,117,3,3.0,108.57192919030786
barbell_3d,0.0,10000,11,3,randcart,10,0.9849,0.9818971759594497,0.9149797570850202,0.9472581208522529,0.9240519206946698,0.6366097185824517,120,121,3,3.0,106.07140135206282
barbell_3d,0.0,10000,11,3,randcart,11,0.9888,0.9703113685734974,0.9496810772501771,0.9598853868194842,0.9081486845281199,0.6020345244048626,149,150,3,3.0,105.04128560144454
barbell_3d,0.0,10000,11,3,randcart,12,0.9901,0.9724837074583635,0.9565527065527065,0.9644524236983842,0.9219295534944218,0.615604148161585,156,157,3,3.0,109.25669299438596
