shape,label_noise,n_samples,seed,data_dim,algorithm,depth,accuracy,coverage,density,f_score,gini_coverage_all_leaves,gini_density_all_leaves,splits,leaves,total_active_feature_count,avg_active_feature_count,runtime
barbell_2d,0.0,10000,8,2,wodt,0,0.7348,0.0,,,0.0,0.0,0,1,0,0.0,0.0003255316987633705
barbell_2d,0.0,10000,8,2,wodt,1,0.7348,0.0,,,0.0,0.0,1,2,2,0.0,0.01226692646741867
barbell_2d,0.0,10000,8,2,wodt,2,0.7348,0.0,,,0.5,0.5,2,3,2,2.0,0.08882135711610317
barbell_2d,0.0,10000,8,2,wodt,3,0.7898,0.9981146304675717,0.5579679595278246,0.7157923201730666,0.6654097536450478,0.6644071558479012,3,4,2,2.0,0.1601899340748787
barbell_2d,0.0,10000,8,2,wodt,4,0.7937,0.9687028657616893,0.5647395031875138,0.713512012220525,0.786726998491704,0.6122677865912503,5,6,2,2.0,0.1979311667382717
barbell_2d,0.0,10000,8,2,wodt,5,0.7984,0.9932126696832579,0.5686528497409327,0.7232289950576606,0.8451842275371688,0.5614163116476101,8,9,2,2.0,0.21648995764553547
barbell_2d,0.0,10000,8,2,wodt,6,0.8005,0.9962292609351433,0.5709963259131187,0.7259238906443192,0.8780794369029661,0.5763737634866641,12,13,2,2.0,0.24217652529478073
barbell_2d,0.0,10000,8,2,wodt,7,0.8438,0.998868778280543,0.6295152091254753,0.7723032069970847,0.92049127343245,0.5266610387420307,17,18,2,2.0,0.31995315849781036
barbell_2d,0.0,10000,8,2,wodt,8,0.8444,0.9992458521870287,0.6303520456707897,0.7730455075845976,0.889894419306184,0.534607317938449,22,23,2,2.0,0.3854999840259552
barbell_2d,0.0,10000,8,2,wodt,9,0.8879,0.9996229260935143,0.7029965526385574,0.8254709637241164,0.9015494309611958,0.5152003107729424,26,27,2,2.0,0.43733077868819237
barbell_2d,0.0,10000,8,2,wodt,10,0.9383,0.8499245852187028,0.9114435907804286,0.879609756097561,0.8739366515837104,0.510473896760187,30,31,2,2.0,0.4987611062824726
barbell_2d,0.0,10000,8,2,wodt,11,0.9476,0.8989441930618401,0.9030303030303031,0.9009826152683295,0.8625991339463825,0.49886211344182896,36,37,2,2.0,0.5741355093196034
barbell_2d,0.0,10000,8,2,wodt,12,0.9623,0.8947963800904978,0.9603399433427762,0.9264103064610579,0.8808833197973471,0.5446237609845177,44,45,2,2.0,0.6716950843110681
