shape,label_noise,n_samples,seed,data_dim,algorithm,depth,accuracy,coverage,density,f_score,gini_coverage_all_leaves,gini_density_all_leaves,splits,leaves,total_active_feature_count,avg_active_feature_count,runtime
barbell_2d,0.07,10000,8,2,wodt,0,0.5491,0.0,,,0.0,0.0,0,1,0,0.0,0.0005838759243488312
barbell_2d,0.07,10000,8,2,wodt,1,0.6209,0.9667332002661344,0.544875,0.6969382044927652,0.4667332002661344,0.3790078644888082,1,2,2,0.0,0.10246660560369492
barbell_2d,0.07,10000,8,2,wodt,2,0.8002,0.9110667553781326,0.7200701139351446,0.8043861366751518,0.6866821911732091,0.5334773738642122,3,4,2,2.0,0.1952944677323103
barbell_2d,0.07,10000,8,2,wodt,3,0.8063,0.8842315369261478,0.7380599777860052,0.804560589244274,0.7977655799512087,0.5076534319752608,7,8,2,2.0,0.27693943306803703
barbell_2d,0.07,10000,8,2,wodt,4,0.8084,0.9075182967398536,0.7318905383652299,0.8102970297029702,0.8071560582538626,0.5262453333321342,14,15,2,2.0,0.4102493915706873
barbell_2d,0.07,10000,8,2,wodt,5,0.8164,0.7445109780439122,0.8307349665924276,0.7852631578947368,0.8391798777923081,0.4895094361441974,28,29,2,2.0,0.6103635169565678
barbell_2d,0.07,10000,8,2,wodt,6,0.8465,0.8695941450432468,0.8054642563681184,0.8363015889943479,0.8744773826831933,0.5447085636124998,55,56,2,2.0,0.873593463562429
barbell_2d,0.07,10000,8,2,wodt,7,0.8668,0.8083832335329342,0.8862144420131292,0.8455114822546973,0.8796929949624561,0.5498228639689919,100,101,2,2.0,1.2325701955705881
barbell_2d,0.07,10000,8,2,wodt,8,0.8716,0.8190286094477711,0.8875270367700072,0.8519031141868513,0.880550698774716,0.5486926458689385,163,164,2,2.0,1.713100559078157
barbell_2d,0.07,10000,8,2,wodt,9,0.88,0.830117542692393,0.8960976777591573,0.8618466497812574,0.877567387747028,0.5353410488980539,254,255,2,2.0,2.2624233663082123
barbell_2d,0.07,10000,8,2,wodt,10,0.8878,0.8363273453093812,0.9075812274368231,0.8704986149584487,0.873265421348538,0.5384113692772334,375,376,2,2.0,2.854142287746072
barbell_2d,0.07,10000,8,2,wodt,11,0.8923,0.8485251718784653,0.9066350710900474,0.8766181693206554,0.8647717151098742,0.5340435529033323,529,530,2,2.0,3.5343858171254396
barbell_2d,0.07,10000,8,2,wodt,12,0.8966,0.846307385229541,0.9179696896800578,0.8806831294714977,0.8596384011004212,0.5305859928359427,705,706,2,2.0,4.059384986758232
