shape,label_noise,n_samples,seed,data_dim,algorithm,depth,accuracy,coverage,density,f_score,gini_coverage_all_leaves,gini_density_all_leaves,splits,leaves,total_active_feature_count,avg_active_feature_count,runtime
barbell_2d,0.03,10000,1,2,wodt,0,0.6483,0.0,,,0.0,0.0,0,1,0,0.0,0.0004735318943858
barbell_2d,0.03,10000,1,2,wodt,1,0.6483,0.0,,,0.4934603355132216,0.4767452665694911,1,2,2,0.0,0.0893718651495873
barbell_2d,0.03,10000,1,2,wodt,2,0.7955,0.9729883423372192,0.6370067014147431,0.7699403757453032,0.7330821723059426,0.6768512735189864,3,4,2,2.0,0.1553186639212072
barbell_2d,0.03,10000,1,2,wodt,3,0.8201,0.8436167187944271,0.7037476280834914,0.7673606620975042,0.8232513505828833,0.6344438008359732,7,8,2,2.0,0.2504524951800704
barbell_2d,0.03,10000,1,2,wodt,4,0.861,0.9417116860961048,0.7364909939959974,0.8265535313201897,0.889697658989669,0.6095576599787287,14,15,2,2.0,0.3786046900786459
barbell_2d,0.03,10000,1,2,wodt,5,0.9004,0.928348023883992,0.8144175604889,0.8676587828859952,0.9212068852387304,0.6823801987884992,27,28,2,2.0,0.525625734589994
barbell_2d,0.03,10000,1,2,wodt,6,0.901,0.9178276940574354,0.8215831000254518,0.8670427074939565,0.9327717200838452,0.693077928759219,48,49,2,2.0,0.7391832298599184
barbell_2d,0.03,10000,1,2,wodt,7,0.9057,0.9400056866647712,0.8187221396731055,0.8751819986763733,0.9423678397235408,0.6575191239687763,78,79,2,2.0,0.967185206245631
barbell_2d,0.03,10000,1,2,wodt,8,0.9139,0.9024736991754336,0.8596966413867823,0.8805659592176446,0.9361792872310176,0.6181660756985408,123,124,2,2.0,1.2766419798135755
barbell_2d,0.03,10000,1,2,wodt,9,0.9254,0.9334660221779926,0.8650856389986825,0.8979759299781181,0.935452079160084,0.6273848696383149,185,186,2,2.0,1.6493891892023385
barbell_2d,0.03,10000,1,2,wodt,10,0.9381,0.9348876883707704,0.8939641109298532,0.9139680333564976,0.9291045830859967,0.5941881021504076,256,257,2,2.0,1.9665480847470465
barbell_2d,0.03,10000,1,2,wodt,11,0.9504,0.9226613591128804,0.9354280772556932,0.9290008588605784,0.9274271236934462,0.5895426387536273,339,340,2,2.0,2.247993564698845
barbell_2d,0.03,10000,1,2,wodt,12,0.9519,0.9198180267273244,0.9420500873616774,0.9308013235505684,0.9220252860490424,0.5751453685741814,428,429,2,2.0,2.613898206036538
