shape,label_noise,n_samples,seed,data_dim,algorithm,depth,accuracy,coverage,density,f_score,gini_coverage_all_leaves,gini_density_all_leaves,splits,leaves,total_active_feature_count,avg_active_feature_count,runtime
barbell_3d,0.0,10000,1,3,cart,0,0.8574,0.0,0.0,0.0,0.0,0.0,0,1,0,0.0,8.587725460529327e-06
barbell_3d,0.0,10000,1,3,cart,1,0.8574,0.0,0.0,0.0,0.4845722300140254,0.39497596315143535,1,2,1,1.0,42.85452958382666
barbell_3d,0.0,10000,1,3,cart,2,0.8574,0.0,0.0,0.0,0.7145862552594671,0.5069751658677562,3,4,1,1.0,74.6902663661167
barbell_3d,0.0,10000,1,3,cart,3,0.8574,0.0,0.0,0.0,0.8432678821879382,0.6120407569240429,7,8,3,1.0,97.6116987336427
barbell_3d,0.0,10000,1,3,cart,4,0.8574,0.0,0.0,0.0,0.8853166468874747,0.6516255710289844,12,13,3,1.0,116.08157686330378
barbell_3d,0.0,10000,1,3,cart,5,0.8587,0.05049088359046283,0.549618320610687,0.09248554913294797,0.9187871502036997,0.7323420083668808,20,21,3,1.0,130.98355945385993
barbell_3d,0.0,10000,1,3,cart,6,0.8636,0.07082748948106592,0.7214285714285714,0.12899106002554278,0.9354838709677418,0.7220999234979886,31,32,3,1.0,143.5474794022739
barbell_3d,0.0,10000,1,3,cart,7,0.869,0.11220196353436185,0.7843137254901961,0.19631901840490798,0.9188205436452281,0.6882458411975443,41,42,3,1.0,156.14888054970652
barbell_3d,0.0,10000,1,3,cart,8,0.8867,0.5266479663394109,0.6211745244003308,0.5700189753320682,0.9196303346022843,0.6835499946156225,55,56,3,1.0,161.36847773659974
barbell_3d,0.0,10000,1,3,cart,9,0.9591,0.896914446002805,0.8299805321219987,0.8621503201887428,0.9225105189340816,0.669156960483734,71,72,3,1.0,165.0525182010606
barbell_3d,0.0,10000,1,3,cart,10,0.9746,0.9249649368863955,0.8997271487039563,0.9121715076071921,0.9211079943899019,0.6610201146072168,83,84,3,1.0,166.55461206659675
barbell_3d,0.0,10000,1,3,cart,11,0.9775,0.9453015427769986,0.9016722408026756,0.9229715850736049,0.9170102143454177,0.6508877809871436,98,99,3,1.0,167.20884730201215
barbell_3d,0.0,10000,1,3,cart,12,0.9809,0.9481065918653576,0.9203539823008849,0.9340241796200346,0.9153612094991326,0.6522650774547278,117,118,3,1.0,169.05356980860233
