shape,label_noise,n_samples,seed,data_dim,algorithm,depth,accuracy,coverage,density,f_score,gini_coverage_all_leaves,gini_density_all_leaves,splits,leaves,total_active_feature_count,avg_active_feature_count,runtime
barbell_2d,0.07,10000,11,2,randcart,0,0.5491,0.0,,,0.0,0.0,0,1,0,0.0,7.565133273601532e-06
barbell_2d,0.07,10000,11,2,randcart,1,0.5784,0.9545353736970503,0.5176187612748046,0.6712414223331254,0.4545353736970503,0.30968960506608667,1,2,2,0.0,27.018797466531396
barbell_2d,0.07,10000,11,2,randcart,2,0.6966,0.9066311820802839,0.6100582002686167,0.729348795718109,0.6771457085828345,0.43948063680796845,3,4,2,2.0,46.71834758203477
barbell_2d,0.07,10000,11,2,randcart,3,0.7448,0.8474162785540031,0.6721196130167106,0.7496566607808515,0.785235085384786,0.4621135208707803,7,8,2,2.0,61.28313179127872
barbell_2d,0.07,10000,11,2,randcart,4,0.7706,0.8842315369261478,0.6923076923076923,0.7765874561745227,0.824337436238634,0.4621278906243482,15,16,2,2.0,68.13147637620568
barbell_2d,0.07,10000,11,2,randcart,5,0.8402,0.8824573076070082,0.7883891420645929,0.8327752197572207,0.8864008094921267,0.515846073835033,31,32,2,2.0,78.64757723920047
barbell_2d,0.07,10000,11,2,randcart,6,0.8403,0.7873142603681526,0.8476599808978033,0.8163734621133724,0.8892451890390438,0.48681144675516275,60,61,2,2.0,83.27633734699339
barbell_2d,0.07,10000,11,2,randcart,7,0.8463,0.7970725216234198,0.8524667931688804,0.8238395415472779,0.9028128229913339,0.504845064106431,105,106,2,2.0,87.63086214289069
barbell_2d,0.07,10000,11,2,randcart,8,0.8788,0.8673763583943225,0.8643093922651933,0.8658401593978303,0.9101661995873576,0.52475021113658,164,165,2,2.0,87.19163317326456
barbell_2d,0.07,10000,11,2,randcart,9,0.886,0.8425371479263695,0.8983211161030976,0.8695353627832457,0.9077574161234001,0.5108324783526144,242,243,2,2.0,95.97303955443203
barbell_2d,0.07,10000,11,2,randcart,10,0.8882,0.8740297183410956,0.8775328434647072,0.8757777777777778,0.9100173147680539,0.5007243035769688,331,332,2,2.0,101.9045127229765
barbell_2d,0.07,10000,11,2,randcart,11,0.9068,0.8695941450432468,0.9193434935521688,0.8937770686118076,0.8754450025698997,0.4779452419756458,421,422,2,2.0,89.35872618760914
barbell_2d,0.07,10000,11,2,randcart,12,0.9049,0.8638278997560435,0.9203686200378072,0.8912023795904358,0.8924141271113994,0.5123656993907368,467,468,2,2.0,105.43324069306254
