shape,label_noise,n_samples,seed,data_dim,algorithm,depth,accuracy,coverage,density,f_score,gini_coverage_all_leaves,gini_density_all_leaves,splits,leaves,total_active_feature_count,avg_active_feature_count,runtime
radial_segment_2d,0.0,10000,11,2,wodt,0,0.6875,0.0,,,0.0,0.0,0,1,0,0.0,0.00030669383704662323
radial_segment_2d,0.0,10000,11,2,wodt,1,0.6875,0.0,,,0.48976,0.46002114985985876,1,2,2,0.0,0.07096809800714254
radial_segment_2d,0.0,10000,11,2,wodt,2,0.6875,0.0,,,0.74488,0.6686836515005452,3,4,2,2.0,0.15217791497707367
radial_segment_2d,0.0,10000,11,2,wodt,3,0.7304,0.4752,0.5844155844155844,0.5241793152135545,0.6666133333333335,0.5668427406164067,5,6,2,2.0,0.1918069450184703
radial_segment_2d,0.0,10000,11,2,wodt,4,0.7894,0.4752,0.761148129164531,0.5851063829787234,0.7799999999999996,0.6897946645349076,9,10,2,2.0,0.26694764383137226
radial_segment_2d,0.0,10000,11,2,wodt,5,0.8024,0.51584,0.776867469879518,0.62,0.8523946666666666,0.6660108056401459,14,15,2,2.0,0.40585637651383877
radial_segment_2d,0.0,10000,11,2,wodt,6,0.8723,0.98688,0.7138888888888889,0.8284754869039624,0.8785890909090908,0.637895843878906,21,22,2,2.0,0.4666866213083267
radial_segment_2d,0.0,10000,11,2,wodt,7,0.8746,0.9888,0.7171037363657461,0.831315577078289,0.8487900000000002,0.5665885432277646,31,32,2,2.0,0.5445322701707482
radial_segment_2d,0.0,10000,11,2,wodt,8,0.9388,0.97056,0.8536448072051788,0.908355795148248,0.8738809756097561,0.5972164485982956,40,41,2,2.0,0.6869215359911323
radial_segment_2d,0.0,10000,11,2,wodt,9,0.9851,0.984,0.9688090737240076,0.9763454516589936,0.8872909803921569,0.5999277284463695,50,51,2,2.0,0.8271016050130129
radial_segment_2d,0.0,10000,11,2,wodt,10,0.9892,0.98976,0.9760176711896498,0.982840800762631,0.8526628571428572,0.5327412838604069,62,63,2,2.0,0.8479670453816652
radial_segment_2d,0.0,10000,11,2,wodt,11,0.992,0.9968,0.978021978021978,0.9873217115689382,0.8531370666666664,0.5160337204219896,74,75,2,2.0,1.0482717650011182
radial_segment_2d,0.0,10000,11,2,wodt,12,0.9958,0.99392,0.9926494087567913,0.9932842980492486,0.8675383908045977,0.5150952688569885,87,88,2,2.0,1.177511022426188
