shape,label_noise,n_samples,seed,data_dim,algorithm,depth,accuracy,coverage,density,f_score,gini_coverage_all_leaves,gini_density_all_leaves,splits,leaves,total_active_feature_count,avg_active_feature_count,runtime
radial_segment_3d,0.05,10000,1,3,wodt,0,0.6489,0.0,,,0.0,0.0,0,1,0,0.0,0.0004033474251627922
radial_segment_3d,0.05,10000,1,3,wodt,1,0.6838,0.3882084876103674,0.5734118636937316,0.46297554347826086,0.1117915123896327,0.17050760699008682,1,2,3,0.0,0.07364322990179062
radial_segment_3d,0.05,10000,1,3,wodt,2,0.7234,0.36741669040159497,0.7029972752043597,0.48260381593714935,0.26295927086300197,0.3281095832239844,3,4,3,3.0,0.1686215791851282
radial_segment_3d,0.05,10000,1,3,wodt,3,0.7592,0.47052121902591854,0.7505679236710586,0.5784313725490196,0.5038806607804045,0.4287718380684513,7,8,3,3.0,0.2741420343518257
radial_segment_3d,0.05,10000,1,3,wodt,4,0.7861,0.8424950156650527,0.6509683098591549,0.7344506517690875,0.7096446881230418,0.5402063622469213,15,16,3,3.0,0.41007911413908005
radial_segment_3d,0.05,10000,1,3,wodt,5,0.8858,0.8228424950156651,0.8474625990026401,0.834971098265896,0.8037044863608387,0.5911321626645023,30,31,3,3.0,0.6055561993271112
radial_segment_3d,0.05,10000,1,3,wodt,6,0.9044,0.8806607804044432,0.8520253513364563,0.8661064425770307,0.854457419538593,0.6045842477623042,57,58,3,3.0,0.8975899666547775
radial_segment_3d,0.05,10000,1,3,wodt,7,0.916,0.8501851324409,0.9048196423158533,0.8766519823788546,0.8680079058888515,0.5840015398693807,100,101,3,3.0,1.2763788811862469
radial_segment_3d,0.05,10000,1,3,wodt,8,0.9312,0.8667046425519795,0.932577382776586,0.8984351933864777,0.8930530340227822,0.6039350834407662,166,167,3,3.0,1.766921722330153
radial_segment_3d,0.05,10000,1,3,wodt,9,0.9397,0.8968954713756765,0.9289085545722714,0.912621359223301,0.8934453302824976,0.5927306754359587,252,253,3,3.0,2.3349820878356695
radial_segment_3d,0.05,10000,1,3,wodt,10,0.951,0.913699800626602,0.9449189985272459,0.9290472053286997,0.9043083529532709,0.5866268201850005,366,367,3,3.0,3.0722002889961004
radial_segment_3d,0.05,10000,1,3,wodt,11,0.9597,0.9168328111649103,0.9666666666666667,0.9410904838473908,0.9082277049375658,0.5808919462707067,489,490,3,3.0,3.933218711055815
radial_segment_3d,0.05,10000,1,3,wodt,12,0.968,0.9347764169752207,0.9730210495108212,0.9535153980244043,0.9084759005679512,0.5781528012041077,615,616,3,3.0,4.555119724012911
