shape,label_noise,n_samples,seed,data_dim,algorithm,depth,accuracy,coverage,density,f_score,gini_coverage_all_leaves,gini_density_all_leaves,splits,leaves,total_active_feature_count,avg_active_feature_count,runtime
radial_segment_3d,0.0,10000,1,3,randcart,0,0.7607,0.0,,,0.0,0.0,0,1,0,0.0,9.323935955762863e-06
radial_segment_3d,0.0,10000,1,3,randcart,1,0.7607,0.0,,,0.4928959465106559,0.4380174022110581,1,2,3,0.0,39.3358898148872
radial_segment_3d,0.0,10000,1,3,randcart,2,0.7607,0.0,,,0.6660050146259926,0.3833461351225202,3,4,3,3.0,72.09531594626606
radial_segment_3d,0.0,10000,1,3,randcart,3,0.7607,0.0,,,0.7368888424571667,0.4305876934516732,7,8,3,3.0,90.156593460124
radial_segment_3d,0.0,10000,1,3,randcart,4,0.7677,0.1053071458420392,0.5806451612903226,0.1782808631057658,0.8554437622552957,0.6331878791884138,12,13,3,3.0,102.70175083400682
radial_segment_3d,0.0,10000,1,3,randcart,5,0.8175,0.2950271625574592,0.8364928909952607,0.4362063639172073,0.8584094914515161,0.576562346102548,22,23,3,3.0,113.00497571891174
radial_segment_3d,0.0,10000,1,3,randcart,6,0.8177,0.941496030087756,0.5724085365853658,0.7119608152946753,0.9131947346427076,0.6445639127150167,39,40,3,3.0,120.77608494879678
radial_segment_3d,0.0,10000,1,3,randcart,7,0.8826,0.7839531968240702,0.7406237662850375,0.7616727568006495,0.8985010042732164,0.5983817069852935,61,62,3,3.0,124.1673907856457
radial_segment_3d,0.0,10000,1,3,randcart,8,0.9561,0.951525282072712,0.8757692307692307,0.912076907670739,0.9178043804232934,0.6185393972707058,84,85,3,3.0,117.8543767509982
radial_segment_3d,0.0,10000,1,3,randcart,9,0.9645,0.9573756790639364,0.9005503144654088,0.9280939842009318,0.9153765148349352,0.57566786118072,124,125,3,3.0,124.33266262803228
radial_segment_3d,0.0,10000,1,3,randcart,10,0.9612,0.9498537400752194,0.8945297127115309,0.921361978111066,0.9175858527941636,0.5797182730020896,128,129,3,3.0,124.76432477124035
radial_segment_3d,0.0,10000,1,3,randcart,11,0.971,0.9385708315921436,0.9401423189619088,0.9393559180259304,0.9044729820952137,0.5868571801693532,155,156,3,3.0,133.0219425400719
radial_segment_3d,0.0,10000,1,3,randcart,12,0.9652,0.929377350605934,0.9255097794423636,0.92743953294412,0.9153944676301548,0.5851351469653705,153,154,3,3.0,136.87480722926557
