shape,label_noise,n_samples,seed,data_dim,algorithm,depth,accuracy,coverage,density,f_score,gini_coverage_all_leaves,gini_density_all_leaves,splits,leaves,total_active_feature_count,avg_active_feature_count,runtime
radial_segment_3d,0.0,10000,11,3,randcart,0,0.7607,0.0,,,0.0,0.0,0,1,0,0.0,7.433816790580749e-06
radial_segment_3d,0.0,10000,11,3,randcart,1,0.7607,0.0,,,0.4786878395319682,0.3903090343354047,1,2,3,0.0,39.519278589170426
radial_segment_3d,0.0,10000,11,3,randcart,2,0.7607,0.0,,,0.5207898035938152,0.3704063663849002,3,4,3,3.0,69.935412960127
radial_segment_3d,0.0,10000,11,3,randcart,3,0.7778,0.4066025908900961,0.548169014084507,0.4668905950095969,0.7462912661930632,0.5609727163675751,7,8,3,3.0,88.43109013605863
radial_segment_3d,0.0,10000,11,3,randcart,4,0.8015,0.6318428750522357,0.5779816513761468,0.6037133160311439,0.8097506616520409,0.6291032649754422,14,15,3,3.0,99.07982531422748
radial_segment_3d,0.0,10000,11,3,randcart,5,0.8696,0.8399498537400752,0.6857727737973388,0.7550713749060856,0.8553071458420392,0.6592034455472593,27,28,3,3.0,108.41893930267544
radial_segment_3d,0.0,10000,11,3,randcart,6,0.8875,0.6648558295027163,0.8312434691745036,0.738797306710007,0.8852853342574376,0.6520988131979397,40,41,3,3.0,110.01034464687108
radial_segment_3d,0.0,10000,11,3,randcart,7,0.9289,0.8750522356874216,0.8355945730247406,0.8548683404776485,0.9110093834289404,0.6082460992343124,65,66,3,3.0,112.72407292341812
radial_segment_3d,0.0,10000,11,3,randcart,8,0.9457,0.934391976598412,0.8527841342486652,0.8917248255234297,0.9188705151931228,0.6129771254640224,90,91,3,3.0,117.79112223582342
radial_segment_3d,0.0,10000,11,3,randcart,9,0.9613,0.9402423735896364,0.9021651964715316,0.9208103130755064,0.912716607238402,0.6088361238849107,106,107,3,3.0,118.3812871449627
radial_segment_3d,0.0,10000,11,3,randcart,10,0.9735,0.9544504805683244,0.9360655737704918,0.9451686323194703,0.9247446980777267,0.5996161905812301,127,128,3,3.0,116.48985057603568
radial_segment_3d,0.0,10000,11,3,randcart,11,0.9833,0.9862097785206854,0.946271050521251,0.965827706159198,0.9307058883207042,0.5971248621796115,172,173,3,3.0,119.09499236615376
radial_segment_3d,0.0,10000,11,3,randcart,12,0.9843,0.9824488090263268,0.9533657745336578,0.9676888248610828,0.9209551795573973,0.5725595146141551,187,188,3,3.0,121.37645947001874
