shape,label_noise,n_samples,seed,data_dim,algorithm,depth,accuracy,coverage,density,f_score,gini_coverage_all_leaves,gini_density_all_leaves,splits,leaves,total_active_feature_count,avg_active_feature_count,runtime
rectangle_2d,0.07,10000,11,2,wodt,0,0.5905,0.0,,,0.0,0.0,0,1,0,0.0,0.0003093858249485
rectangle_2d,0.07,10000,11,2,wodt,1,0.5905,0.0,,,0.0,0.0,1,2,2,0.0,0.0099967666901648
rectangle_2d,0.07,10000,11,2,wodt,2,0.5905,0.0,,,0.4514041514041513,0.3085069646315987,2,3,2,2.0,0.0739350579679012
rectangle_2d,0.07,10000,11,2,wodt,3,0.7006,0.8637362637362638,0.592164741336012,0.702622169249106,0.6565934065934067,0.4746101234412154,4,5,2,2.0,0.1381624299101531
rectangle_2d,0.07,10000,11,2,wodt,4,0.7734,0.801953601953602,0.6929732010972779,0.7434910572786959,0.7778693528693528,0.5766238654618003,8,9,2,2.0,0.256981014739722
rectangle_2d,0.07,10000,11,2,wodt,5,0.8349,0.7465201465201465,0.8329700272479564,0.7873792659368964,0.8307366707366706,0.6256257354764296,15,16,2,2.0,0.3608010839670896
rectangle_2d,0.07,10000,11,2,wodt,6,0.8453,0.8312576312576313,0.7990610328638498,0.8148414123279474,0.8466704235935005,0.6227544156195017,27,28,2,2.0,0.5182099849916995
rectangle_2d,0.07,10000,11,2,wodt,7,0.8593,0.8129426129426129,0.8385390428211587,0.8255424674519529,0.8604205670872338,0.6067001648900172,50,51,2,2.0,0.7495904532261193
rectangle_2d,0.07,10000,11,2,wodt,8,0.8732,0.82002442002442,0.8634610439701723,0.8411823647294591,0.8714473560627409,0.6059397124543935,88,89,2,2.0,1.0666454760357738
rectangle_2d,0.07,10000,11,2,wodt,9,0.8872,0.7953601953601953,0.9182407668452212,0.8523946610834859,0.8729015252824779,0.590374501000511,150,151,2,2.0,1.478773273061961
rectangle_2d,0.07,10000,11,2,wodt,10,0.8906,0.8070818070818071,0.915766140205043,0.8579958463136034,0.8722611976849264,0.594855554852578,239,240,2,2.0,1.8688244889490304
rectangle_2d,0.07,10000,11,2,wodt,11,0.8944,0.8083028083028083,0.9243228148561854,0.8624283480979676,0.86404794036373,0.5719338795096276,348,349,2,2.0,2.3183385063894093
rectangle_2d,0.07,10000,11,2,wodt,12,0.898,0.8166056166056166,0.925546637143648,0.8676699532952776,0.8588232710534867,0.5496890918535855,480,481,2,2.0,2.7354210428893566
