shape,label_noise,n_samples,seed,data_dim,algorithm,depth,accuracy,coverage,density,f_score,gini_coverage_all_leaves,gini_density_all_leaves,splits,leaves,total_active_feature_count,avg_active_feature_count,runtime
rectangle_2d,0.0,10000,1,2,oc1,0,0.7541,0.0,,,0.0,0.0,0,1,0,0.0,0.0004749810323119
rectangle_2d,0.0,10000,1,2,oc1,1,0.7541,0.0,,,0.4987799918666125,0.4955043725417363,1,2,2,0.0,44.60440246295184
rectangle_2d,0.0,10000,1,2,oc1,2,0.7541,0.0,,,0.6192219059238178,0.5870067129490466,2,3,2,2.0,75.83057100279257
rectangle_2d,0.0,10000,1,2,oc1,3,0.8959,0.9272061813745424,0.7256524506683641,0.8141403320835565,0.7625864172427814,0.7043627844755282,4,5,2,2.0,95.98081136774272
rectangle_2d,0.0,10000,1,2,oc1,4,0.9587,0.9845465636437576,0.8658798283261803,0.9214081826831588,0.8304188694591299,0.7421302405353603,6,7,2,2.0,103.31516805104911
rectangle_2d,0.0,10000,1,2,oc1,5,0.9931,0.9804798698657992,0.9913651315789472,0.9858924555305664,0.8648502101125117,0.7709975924319221,8,9,2,2.0,109.04310111701488
