shape,label_noise,n_samples,seed,data_dim,algorithm,depth,accuracy,coverage,density,f_score,gini_coverage_all_leaves,gini_density_all_leaves,splits,leaves,total_active_feature_count,avg_active_feature_count,runtime
rectangle_2d,0.0,10000,11,2,moc1,0,0.7484,0.0,0.0,0.0,0.0,0.0,0,1,0,0.0,0.0012705372646450996
rectangle_2d,0.0,10000,11,2,moc1,1,0.7484,0.0,0.0,0.0,0.5,0.5,1,2,2,2.0,44.39763481821865
rectangle_2d,0.0,10000,11,2,moc1,2,0.7484,0.0,0.0,0.0,0.6637519872813993,0.6590249459306188,2,3,2,2.0,73.4268431533128
rectangle_2d,0.0,10000,11,2,moc1,3,0.8402,0.9956279809220986,0.6121700879765396,0.7581719128329298,0.7478139904610492,0.7458786424461372,3,4,2,2.0,90.52043743338436
rectangle_2d,0.0,10000,11,2,moc1,4,0.9939,0.9817170111287759,0.993963782696177,0.9878024395120975,0.79093799682035,0.787478646279099,4,5,2,2.0,99.46522850170732
