shape,label_noise,n_samples,seed,data_dim,algorithm,depth,accuracy,coverage,density,f_score,gini_coverage_all_leaves,gini_density_all_leaves,splits,leaves,total_active_feature_count,avg_active_feature_count,runtime
rectangle_2d,0.0,10000,1,2,oc1,0,0.7506,0.0,,,0.0,0.0,0,1,0,0.0,0.0005565807223320007
rectangle_2d,0.0,10000,1,2,oc1,1,0.7506,0.0,,,0.4987971130713713,0.4955751482449062,1,2,2,0.0,48.341542731039226
rectangle_2d,0.0,10000,1,2,oc1,2,0.7506,0.0,,,0.6311146752205292,0.5987340707354172,2,3,2,2.0,80.41880458593369
rectangle_2d,0.0,10000,1,2,oc1,3,0.8984,0.9065757818765036,0.742772667542707,0.8165402672444926,0.6814354450681634,0.6627662115266113,3,4,2,2.0,97.66677495837212
rectangle_2d,0.0,10000,1,2,oc1,4,0.9438,0.9053728949478749,0.8738390092879257,0.8893265064986214,0.7432237369687251,0.7314544364308966,4,5,2,2.0,104.64581768307835
rectangle_2d,0.0,10000,1,2,oc1,5,0.9686,0.9053728949478749,0.9666095890410958,0.9349896480331262,0.7860197808072709,0.7811655511218103,5,6,2,2.0,109.79232551157475
