shape,label_noise,n_samples,seed,data_dim,algorithm,depth,accuracy,coverage,density,f_score,gini_coverage_all_leaves,gini_density_all_leaves,splits,leaves,total_active_feature_count,avg_active_feature_count,runtime
rectangle_2d,0.0,10000,1,2,wodt,0,0.7506,0.0,,,0.0,0.0,0,1,0,0.0,0.0004743589088320732
rectangle_2d,0.0,10000,1,2,wodt,1,0.7506,0.0,,,0.0,0.0,1,2,2,0.0,0.015957108698785305
rectangle_2d,0.0,10000,1,2,wodt,2,0.7506,0.0,,,0.5,0.5,2,3,2,2.0,0.13258907850831747
rectangle_2d,0.0,10000,1,2,wodt,3,0.7506,0.0,,,0.6666666666666667,0.6666666666666667,3,4,2,2.0,0.18416573386639357
rectangle_2d,0.0,10000,1,2,wodt,4,0.833,1.0,0.5989433237271854,0.7491739261039352,0.75,0.75,4,5,2,2.0,0.18358666356652975
rectangle_2d,0.0,10000,1,2,wodt,5,1.0,1.0,1.0,1.0,0.8,0.8,5,6,2,2.0,0.268749363720417
