shape,label_noise,n_samples,seed,data_dim,algorithm,depth,accuracy,coverage,density,f_score,gini_coverage_all_leaves,gini_density_all_leaves,splits,leaves,total_active_feature_count,avg_active_feature_count,runtime
rectangle_2d,0.0,10000,8,2,moc1,0,0.7484,0.0,0.0,0.0,0.0,0.0,0,1,0,0.0,0.0013518612831830978
rectangle_2d,0.0,10000,8,2,moc1,1,0.7484,0.0,0.0,0.0,0.4992050874403817,0.49708483028898787,1,2,2,2.0,47.927501728758216
rectangle_2d,0.0,10000,8,2,moc1,2,0.7484,0.0,0.0,0.0,0.6661367249602548,0.6652447420086325,2,3,2,2.0,78.57069854810834
rectangle_2d,0.0,10000,8,2,moc1,3,0.8384,0.9992050874403816,0.6090116279069767,0.7567730282962071,0.749602543720191,0.7492335261030039,3,4,2,2.0,97.55638894252479
rectangle_2d,0.0,10000,8,2,moc1,4,0.9903,0.994435612082671,0.9678916827852998,0.9809841207606352,0.7974562798092213,0.7960487186996896,4,5,2,2.0,107.77965134568512
