shape,label_noise,n_samples,seed,data_dim,algorithm,depth,accuracy,coverage,density,f_score,gini_coverage_all_leaves,gini_density_all_leaves,splits,leaves,total_active_feature_count,avg_active_feature_count,runtime
sine_wave_2d,0.0,10000,8,2,randcart,0,0.8395,0.0,,,0.0,0.0,0,1,0,0.0,1.5946105122566223e-05
sine_wave_2d,0.0,10000,8,2,randcart,1,0.8395,0.0,,,0.46760124610591913,0.4628905747271759,1,2,2,0.0,27.00431325659156
sine_wave_2d,0.0,10000,8,2,randcart,2,0.8395,0.0,,,0.7269470404984424,0.5712714788602868,3,4,2,2.0,40.36214134469628
sine_wave_2d,0.0,10000,8,2,randcart,3,0.8795,0.9439252336448598,0.5760456273764258,0.7154663518299882,0.8407320872274142,0.6761587871706358,7,8,2,2.0,49.85130323655903
sine_wave_2d,0.0,10000,8,2,randcart,4,0.9088,0.9663551401869159,0.6438356164383562,0.7727952167414052,0.9011262880421758,0.741292375595646,12,13,2,2.0,53.09339686203748
sine_wave_2d,0.0,10000,8,2,randcart,5,0.9174,0.994392523364486,0.6614173228346457,0.794425087108014,0.8685747663551402,0.6389865376100741,15,16,2,2.0,55.11569152306765
sine_wave_2d,0.0,10000,8,2,randcart,6,0.9726,0.983177570093458,0.8646575342465753,0.9201166180758017,0.9036261682242992,0.6071354073379411,24,25,2,2.0,54.998339055106044
sine_wave_2d,0.0,10000,8,2,randcart,7,0.9869,0.9813084112149533,0.9397374701670644,0.9600731484303566,0.9071651090342678,0.5984976481281301,30,31,2,2.0,55.75470193568617
sine_wave_2d,0.0,10000,8,2,randcart,8,0.9933,0.9894080996884735,0.9694749694749695,0.9793401171754548,0.9028193146417447,0.5451917605482461,39,40,2,2.0,56.276078206487
sine_wave_2d,0.0,10000,8,2,randcart,9,0.9927,0.9931464174454828,0.9625603864734299,0.9776142287641827,0.8924056767047419,0.523006297234422,44,45,2,2.0,57.08035905845463
sine_wave_2d,0.0,10000,8,2,randcart,10,0.9936,0.9757009345794393,0.9842866121935889,0.9799749687108886,0.917110444953859,0.5469563285551469,52,53,2,2.0,57.229979627765715
sine_wave_2d,0.0,10000,8,2,randcart,11,0.9962,0.9912772585669782,0.9851393188854489,0.9881987577639751,0.908823529411765,0.5109941100860425,67,68,2,2.0,56.9454813413322
sine_wave_2d,0.0,10000,8,2,randcart,12,0.9966,0.9887850467289719,0.9900187149095446,0.9894014962593517,0.9066525977288713,0.5116834044828484,61,62,2,2.0,57.33850439731032
