shape,label_noise,n_samples,seed,data_dim,algorithm,depth,accuracy,coverage,density,f_score,gini_coverage_all_leaves,gini_density_all_leaves,splits,leaves,total_active_feature_count,avg_active_feature_count,runtime
sine_wave_2d,0.03,10000,1,2,wodt,0,0.7702,0.0,,,0.0,0.0,0,1,0,0.0,0.0003763292916119
sine_wave_2d,0.03,10000,1,2,wodt,1,0.7702,0.0,,,0.484769364664926,0.4762053877411687,1,2,2,0.0,0.0651760199107229
sine_wave_2d,0.03,10000,1,2,wodt,2,0.7992,0.952567449956484,0.5354696673189824,0.6855621672408393,0.7156222802436902,0.5955632834111866,3,4,2,2.0,0.1331856683827936
sine_wave_2d,0.03,10000,1,2,wodt,3,0.8327,0.9308093994778068,0.5855461264713934,0.7188707780205008,0.836923411662315,0.5935106974077535,7,8,2,2.0,0.2064521280117333
sine_wave_2d,0.03,10000,1,2,wodt,4,0.8728,0.5456919060052219,0.8461538461538461,0.6634920634920635,0.8473455178416014,0.6634712276255199,15,16,2,2.0,0.306362884119153
sine_wave_2d,0.03,10000,1,2,wodt,5,0.9083,0.8794604003481288,0.759488913942127,0.815083686227062,0.9036943669157588,0.7028867456862617,30,31,2,2.0,0.4367707720957696
sine_wave_2d,0.03,10000,1,2,wodt,6,0.9394,0.856396866840731,0.8770053475935828,0.8665785997357992,0.9049867599948154,0.6800525354178732,51,52,2,2.0,0.6077390206046402
sine_wave_2d,0.03,10000,1,2,wodt,7,0.9415,0.8755439512619669,0.8706187797490264,0.8730744196137992,0.9000281574770903,0.649385380622469,80,81,2,2.0,0.7391007267870009
sine_wave_2d,0.03,10000,1,2,wodt,8,0.9479,0.8790252393385553,0.8926204153778171,0.8857706643279982,0.8911442394976463,0.6051966239071906,119,120,2,2.0,0.9846551143564284
sine_wave_2d,0.03,10000,1,2,wodt,9,0.9506,0.8790252393385553,0.9033989266547406,0.8910454344949272,0.888470373382414,0.5978776582368563,173,174,2,2.0,1.198362408671528
sine_wave_2d,0.03,10000,1,2,wodt,10,0.9527,0.8703220191470844,0.9195402298850576,0.8942544153811759,0.8825626772228303,0.575390736229505,236,237,2,2.0,1.4417228680104015
sine_wave_2d,0.03,10000,1,2,wodt,11,0.9565,0.8851174934725848,0.9224489795918368,0.9033977348434378,0.8789561661624328,0.5581283761499358,314,315,2,2.0,1.6930120466277003
sine_wave_2d,0.03,10000,1,2,wodt,12,0.9585,0.8798955613577023,0.9356779268857012,0.9069298048889886,0.8779785525049555,0.5624032626899871,404,405,2,2.0,2.0283713480457664
