shape,label_noise,n_samples,seed,data_dim,algorithm,depth,accuracy,coverage,density,f_score,gini_coverage_all_leaves,gini_density_all_leaves,splits,leaves,total_active_feature_count,avg_active_feature_count,runtime
sine_wave_2d,0.0,10000,1,2,wodt,0,0.8395,0.0,,,0.0,0.0,0,1,0,0.0,0.00032178591936826706
sine_wave_2d,0.0,10000,1,2,wodt,1,0.8395,0.0,,,0.5,0.5,1,2,2,0.0,0.0702542457729578
sine_wave_2d,0.0,10000,1,2,wodt,2,0.8395,0.0,,,0.6658359293873315,0.6651320731260866,2,3,2,2.0,0.11735490057617426
sine_wave_2d,0.0,10000,1,2,wodt,3,0.8395,0.0,,,0.7985046728971967,0.7578505695355993,4,5,2,2.0,0.16723632905632257
sine_wave_2d,0.0,10000,1,2,wodt,4,0.9096,0.5856697819314641,0.7972858354537744,0.6752873563218391,0.7704828660436138,0.7507716536452487,7,8,2,2.0,0.22116678021848202
sine_wave_2d,0.0,10000,1,2,wodt,5,0.9227,0.5869158878504673,0.8954372623574145,0.7090703801279639,0.8466770508826584,0.73286006944417,11,12,2,2.0,0.2648315532132983
sine_wave_2d,0.0,10000,1,2,wodt,6,0.9745,0.9669781931464174,0.8848346636259977,0.9240845489729086,0.8804906542056075,0.7280679849825644,15,16,2,2.0,0.2988895997405052
sine_wave_2d,0.0,10000,1,2,wodt,7,0.9813,0.9750778816199377,0.9141355140186916,0.9436237564063914,0.9023987538940808,0.6913830715344829,20,21,2,2.0,0.38724562246352434
sine_wave_2d,0.0,10000,1,2,wodt,8,0.9828,0.994392523364486,0.9073337123365549,0.9488703923900119,0.8835669781931461,0.6282655403883735,26,27,2,2.0,0.39752533938735723
sine_wave_2d,0.0,10000,1,2,wodt,9,0.9838,0.994392523364486,0.9125214408233276,0.9516994633273703,0.8808515057113186,0.5956258345560164,33,34,2,2.0,0.45457049924880266
sine_wave_2d,0.0,10000,1,2,wodt,10,0.9911,0.9800623052959502,0.9650306748466257,0.9724884080370942,0.8906368985808242,0.5708589666392785,42,43,2,2.0,0.5093481065705419
sine_wave_2d,0.0,10000,1,2,wodt,11,0.9951,0.9912772585669782,0.9784747847478474,0.9848344165892913,0.9104564540159825,0.5655809309794531,54,55,2,2.0,0.5856174612417817
sine_wave_2d,0.0,10000,1,2,wodt,12,0.9986,0.9956386292834891,0.9956386292834891,0.9956386292834891,0.922222222222222,0.5840634111346625,65,66,2,2.0,0.6852733166888356
