shape,label_noise,n_samples,seed,data_dim,algorithm,depth,accuracy,coverage,density,f_score,gini_coverage_all_leaves,gini_density_all_leaves,splits,leaves,total_active_feature_count,avg_active_feature_count,runtime
star_2d,0.0,10000,47,2,moc1,0,0.7631,0.0,0.0,0.0,0.0,0.0,0,1,0,0.0,0.0012815212830901146
star_2d,0.0,10000,47,2,moc1,1,0.7631,0.0,0.0,0.0,0.48775854791051065,0.4585600638951792,1,2,2,2.0,45.783842796459794
star_2d,0.0,10000,47,2,moc1,2,0.7631,0.0,0.0,0.0,0.5625439707330802,0.5339089638546477,2,3,2,2.0,73.80645677167922
star_2d,0.0,10000,47,2,moc1,3,0.8366,0.8442380751371887,0.6125574272588055,0.7099751508697195,0.721317011397214,0.6680024845140387,4,5,2,2.0,92.83105659484863
star_2d,0.0,10000,47,2,moc1,4,0.956,0.9455466441536513,0.8780870246961976,0.9105691056910569,0.774528131218718,0.6809685612571956,6,7,2,2.0,102.51090091001242
star_2d,0.0,10000,47,2,moc1,5,0.9591,0.9603208104685521,0.8783783783783784,0.9175236942932042,0.7720979316167158,0.6050843151483631,9,10,2,2.0,108.24630131479353
star_2d,0.0,10000,47,2,moc1,6,0.9733,0.9573659772055719,0.9317995069843878,0.9444097439100562,0.8213787057180895,0.6109922016385878,12,13,2,2.0,109.52810748200864
star_2d,0.0,10000,47,2,moc1,7,0.9802,0.9560996200928662,0.96015260703688,0.9581218274111676,0.8440129449838187,0.6466781942907873,14,15,2,2.0,110.80698180012405
