shape,label_noise,n_samples,seed,data_dim,algorithm,depth,accuracy,coverage,density,f_score,gini_coverage_all_leaves,gini_density_all_leaves,splits,leaves,total_active_feature_count,avg_active_feature_count,runtime
star_2d,0.0,10000,8,2,wodt,0,0.7673,0.0,,,0.0,0.0,0,1,0,0.0,0.00026657339185476303
star_2d,0.0,10000,8,2,wodt,1,0.7673,0.0,,,0.0,0.0,1,2,2,0.0,0.002265339717268944
star_2d,0.0,10000,8,2,wodt,2,0.7673,0.0,,,0.5,0.5,2,3,2,2.0,0.07446513790637255
star_2d,0.0,10000,8,2,wodt,3,0.7673,0.0,,,0.6070763500931098,0.5596709151473178,3,4,2,2.0,0.11049554403871298
star_2d,0.0,10000,8,2,wodt,4,0.7786,0.9088955737000429,0.5137235851348069,0.6564245810055865,0.7628706489041683,0.6898313213139073,5,6,2,2.0,0.18350323475897312
star_2d,0.0,10000,8,2,wodt,5,0.7881,0.9982810485603781,0.5234339792699414,0.686770140428677,0.8516867211001289,0.7549161174212808,8,9,2,2.0,0.20999593380838633
star_2d,0.0,10000,8,2,wodt,6,0.9028,0.9974215728405672,0.7061149984788561,0.8268614178838617,0.8999785131070048,0.6875258244064413,12,13,2,2.0,0.29997452441602945
star_2d,0.0,10000,8,2,wodt,7,0.9031,0.9995702621400946,0.7061323618700668,0.8276107454189646,0.8603351955307263,0.5807594738753272,15,16,2,2.0,0.31767142098397017
star_2d,0.0,10000,8,2,wodt,8,0.9287,0.9153416415986249,0.8049886621315193,0.8566257792077216,0.8617827335851445,0.5804286367319107,20,21,2,2.0,0.3469809917733073
star_2d,0.0,10000,8,2,wodt,9,0.9697,0.9901160292221745,0.891640866873065,0.9383017715332925,0.8878563243088382,0.5976019158194799,26,27,2,2.0,0.43233297020196915
star_2d,0.0,10000,8,2,wodt,10,0.9804,0.9265148259561667,0.988537368179734,0.9565217391304347,0.8828964331757627,0.5742223657674428,32,33,2,2.0,0.5013841725885868
star_2d,0.0,10000,8,2,wodt,11,0.99,0.9694886119467125,0.987308533916849,0.9783174327840416,0.853557615568789,0.5120115161392162,37,38,2,2.0,0.5465975739061832
star_2d,0.0,10000,8,2,wodt,12,0.9956,0.9845294370434036,0.996520226185298,0.9904885430177259,0.8719695619818251,0.5385948561828826,44,45,2,2.0,0.5929719721898437
