shape,label_noise,n_samples,seed,data_dim,algorithm,depth,accuracy,coverage,density,f_score,gini_coverage_all_leaves,gini_density_all_leaves,splits,leaves,total_active_feature_count,avg_active_feature_count,runtime
star_2d,0.0,10000,11,2,moc1,0,0.7631,0.0,0.0,0.0,0.0,0.0,0,1,0,0.0,0.0013232063502073288
star_2d,0.0,10000,11,2,moc1,1,0.7631,0.0,0.0,0.0,0.48438159560996197,0.4491263021715033,1,2,2,2.0,48.044661522842944
star_2d,0.0,10000,11,2,moc1,2,0.7631,0.0,0.0,0.0,0.5628253834247925,0.5308085953827675,2,3,2,2.0,77.85045686364174
star_2d,0.0,10000,11,2,moc1,3,0.8417,0.8509919797382862,0.6210720887245841,0.7180765805877115,0.7260447446179821,0.6757050226163521,4,5,2,2.0,97.69739441946149
star_2d,0.0,10000,11,2,moc1,4,0.9564,0.9535669058674546,0.8738878143133463,0.9119903108599111,0.783814750045227,0.6948820154730992,6,7,2,2.0,107.24733068794012
star_2d,0.0,10000,11,2,moc1,5,0.9564,0.9535669058674546,0.8738878143133463,0.9119903108599111,0.7373891937526382,0.6398042491318523,7,8,2,2.0,112.54533767234534
star_2d,0.0,10000,11,2,moc1,6,0.97,0.9518784297171803,0.9238017206063089,0.9376299376299377,0.7874630645842127,0.6812394214092603,9,10,2,2.0,115.94611517619342
star_2d,0.0,10000,11,2,moc1,7,0.9796,0.9514563106796117,0.9620145113102859,0.9567062818336163,0.8060938639241724,0.6950633430858111,10,11,2,2.0,116.64832167234272
