accuracy,coverage,density,f_score,total_active_feature_count,avg_active_feature_count,class1_leaf_count,depth,splits,leaves,axis_aligned_splits,n_features,n_samples,runtime
0.5936,0.0,0.0,0.0,0,0.0,0,0,0,1,0,2,10000,181.86388659995282
0.6094,0.9697342519685039,0.5102278612118073,0.6686460807600949,2,2.0,1,1,1,2,0,2,10000,181.86388659995282
0.8116,0.9239665354330708,0.7045028142589118,0.7994464551841601,2,2.0,1,2,3,4,0,2,10000,181.86388659995282
0.8341,0.906003937007874,0.7424884049203468,0.8161365399534523,2,2.0,1,3,7,8,1,2,10000,181.86388659995282
0.8564,0.8811515748031497,0.789810322011469,0.8329844149802279,2,2.0,2,4,15,16,2,2,10000,181.86388659995282
0.8576,0.8887795275590551,0.7879581151832461,0.8353376503237742,2,2.0,7,5,31,32,5,2,10000,181.86388659995282
0.867,0.8769685039370079,0.811106053709604,0.842752423740837,2,2.0,15,6,58,59,16,2,10000,181.86388659995282
0.8816,0.9185531496062992,0.8139991277802006,0.863121387283237,2,2.0,29,7,98,99,33,2,10000,181.86388659995282
0.905,0.9178149606299213,0.8582604693971468,0.8870392390011891,2,2.0,47,8,152,153,58,2,10000,181.86388659995282
