seed,dataset,data_dim,algorithm,depth,accuracy,coverage,density,f_score,gini_coverage_all_leaves,gini_density_all_leaves,splits,leaves,runtime
1,rectangle_2d_fuzziness_000,2,oc1,0,0.753,0.0,,,0.0,0.0,0,1,0.00044277776032686234
1,rectangle_2d_fuzziness_000,2,oc1,1,0.753,0.0,,,0.4975708502024292,0.49111460621344816,1,2,16.21780680725351
1,rectangle_2d_fuzziness_000,2,oc1,2,0.753,0.0,,,0.6650472334682864,0.6623190802264851,2,3,27.67595823807642
1,rectangle_2d_fuzziness_000,2,oc1,3,0.8338,0.9959514170040485,0.5982490272373541,0.7474931631722881,0.747165991902834,0.7436458933923689,3,4,34.695628254208714
1,rectangle_2d_fuzziness_000,2,oc1,4,0.9954,0.9910931174089069,0.9902912621359223,0.990692027519223,0.7941700404858303,0.7919327903700546,4,5,38.7142842146568
