seed,dataset,data_dim,algorithm,depth,accuracy,coverage,density,f_score,gini_coverage_all_leaves,gini_density_all_leaves,splits,leaves,runtime
11,sine_wave_2d_fuzziness_005,2,co2,0,0.7178,0.0,,,0.0,0.0,0,1,0.00010963575914502144
11,sine_wave_2d_fuzziness_005,2,co2,1,0.7178,0.0,,,0.452515946137491,0.4274415061903334,1,2,0.013341569807380438
11,sine_wave_2d_fuzziness_005,2,co2,2,0.8072,0.8908575478384124,0.6081277213352685,0.7228292121909143,0.5622489959839356,0.5234210083994622,2,3,0.4879611888900399
11,sine_wave_2d_fuzziness_005,2,co2,3,0.8386,0.7661233167965982,0.6938382541720154,0.7281913102054565,0.5547484053862508,0.48095761455348307,3,4,0.6449179910123348
11,sine_wave_2d_fuzziness_005,2,co2,4,0.8612,0.7831325301204819,0.7401205626255861,0.7610192837465565,0.5966217812426173,0.4265449711558795,5,6,0.7296064882539213
11,sine_wave_2d_fuzziness_005,2,co2,5,0.8852,0.8128986534372785,0.7872340425531915,0.7998605299860531,0.6328136073706592,0.4370176719397283,9,10,1.6312883999198675
11,sine_wave_2d_fuzziness_005,2,co2,6,0.8896,0.810772501771793,0.8005598320503848,0.8056338028169014,0.6911764705882353,0.4362989415967773,11,12,1.9589474918320775
11,sine_wave_2d_fuzziness_005,2,co2,7,0.8934,0.8164422395464209,0.8078541374474053,0.8121254846669017,0.7719259390503184,0.45056636543139694,15,16,1.7486431021243334
11,sine_wave_2d_fuzziness_005,2,co2,8,0.8936,0.815024805102764,0.8092892329345531,0.8121468926553673,0.766792660839436,0.4129195504122758,17,18,2.4497087872587144
