accuracy,coverage,density,f_score,total_active_feature_count,avg_active_feature_count,class1_leaf_count,depth,splits,leaves,axis_aligned_splits,n_features,n_samples,runtime
0.7216,0.0,0.0,0.0,0,0.0,0,0,0,1,0,2,10000,118.16490179999528
0.7216,0.0,0.0,0.0,2,2.0,0,1,1,2,0,2,10000,118.16490179999528
0.8132,0.8890086206896551,0.6135349529003471,0.7260193605162804,2,2.0,1,2,2,3,0,2,10000,118.16490179999528
0.8341,0.7579022988505747,0.6817447495961227,0.7178091512161932,2,2.0,1,3,4,5,1,2,10000,118.16490179999528
0.8545,0.8013649425287356,0.7120970315991063,0.7540983606557377,2,2.0,2,4,7,8,4,2,10000,118.16490179999528
0.8759,0.7866379310344828,0.7719421924568206,0.7792207792207791,2,2.0,3,5,12,13,7,2,10000,118.16490179999528
0.8867,0.8688936781609196,0.7590210229055538,0.8102495394406298,2,2.0,7,6,22,23,13,2,10000,118.16490179999528
0.9032,0.8433908045977011,0.8152777777777778,0.82909604519774,2,2.0,12,7,41,42,21,2,10000,118.16490179999528
0.9093,0.802801724137931,0.8619359814886233,0.8313185791333458,2,2.0,26,8,71,72,38,2,10000,118.16490179999528
