accuracy,coverage,density,f_score,total_active_feature_count,avg_active_feature_count,class1_leaf_count,depth,splits,leaves,axis_aligned_splits,n_features,n_samples,runtime
0.6379,0.0,0.0,0.0,0,0.0,0,0,0,1,0,2,10000,158.50686679995852
0.6379,0.0,0.0,0.0,2,1.5,0,1,1,2,0,2,10000,158.50686679995852
0.7254,0.8191107428887048,0.5865137433260826,0.6835676423138972,2,1.5,1,2,3,4,1,2,10000,158.50686679995852
0.8018,0.7616680475006904,0.7113747743100335,0.7356628434249133,2,1.5,1,3,7,8,3,2,10000,158.50686679995852
0.8625,0.747859707263187,0.8542586750788643,0.7975261375349728,2,1.5,2,4,15,16,8,2,10000,158.50686679995852
0.8822,0.827671913835957,0.8439876091241904,0.8357501394311212,2,1.5,5,5,29,30,13,2,10000,158.50686679995852
0.9053,0.8500414250207126,0.8839747271682941,0.866676052372237,2,1.5,10,6,55,56,22,2,10000,158.50686679995852
0.9178,0.8666114333057167,0.902502157031924,0.8841927303465765,2,1.5,20,7,97,98,37,2,10000,158.50686679995852
0.9318,0.892018779342723,0.9173530247088896,0.9045085410249231,2,1.5,49,8,162,163,63,2,10000,158.50686679995852
