accuracy,coverage,density,f_score,total_active_feature_count,avg_active_feature_count,class1_leaf_count,depth,splits,leaves,axis_aligned_splits,n_features,n_samples,runtime
0.6291,0.0,0.0,0.0,0,0.0,0,0,0,1,0,2,10000,135.97144300000218
0.6291,0.0,0.0,0.0,1,2.0,0,1,1,2,1,2,10000,135.97144300000218
0.708,0.8339174979778916,0.5730961645358532,0.6793323083681089,2,2.0,1,2,3,4,1,2,10000,135.97144300000218
0.7807,0.8023726071717444,0.6708746618575293,0.730755064456722,2,2.0,1,3,6,7,4,2,10000,135.97144300000218
0.848,0.7249932596387166,0.8432110379429288,0.7796462742824006,2,2.0,2,4,10,11,6,2,10000,135.97144300000218
0.8637,0.7600431383122135,0.856318347509113,0.8053135266390514,2,2.0,4,5,16,17,10,2,10000,135.97144300000218
0.8773,0.8341871124292262,0.8348623853211009,0.8345246122724208,2,2.0,7,6,25,26,16,2,10000,135.97144300000218
0.8943,0.8185494742518199,0.887719298245614,0.851732360779913,2,2.0,15,7,40,41,26,2,10000,135.97144300000218
0.8978,0.8153141008358048,0.8997322225528117,0.8554455445544555,2,2.0,21,8,59,60,36,2,10000,135.97144300000218
