seed,dataset,data_dim,algorithm,depth,accuracy,coverage,density,f_score,gini_coverage_all_leaves,gini_density_all_leaves,splits,leaves,runtime
8,radial_segment_2d_fuzziness_000,2,co2,0,0.6856,0.0,,,0.0,0.0,0,1,9.819632396101952e-05
8,radial_segment_2d_fuzziness_000,2,co2,1,0.6856,0.0,,,0.49300254452926207,0.47134262845339503,1,2,0.0397323970682919
8,radial_segment_2d_fuzziness_000,2,co2,2,0.6856,0.0,,,0.6586089906700596,0.6295734264897699,2,3,0.8897384372539818
8,radial_segment_2d_fuzziness_000,2,co2,3,0.6952,0.9580152671755725,0.5080971659919028,0.6640211640211641,0.7229643765903309,0.6358590785094245,3,4,1.104209037963301
8,radial_segment_2d_fuzziness_000,2,co2,4,0.7742,0.9510178117048346,0.5869650569297212,0.7259043457149794,0.7689567430025446,0.6827234476889881,4,5,1.4180281879380345
8,radial_segment_2d_fuzziness_000,2,co2,5,0.7742,0.9510178117048346,0.5869650569297212,0.7259043457149794,0.6594571670907545,0.6292341678287039,5,6,1.3988548601046205
8,radial_segment_2d_fuzziness_000,2,co2,6,0.8482,0.7417302798982188,0.7676102699144174,0.7544483985765125,0.5883315158124318,0.585595495982763,6,7,1.5015041287988424
8,radial_segment_2d_fuzziness_000,2,co2,7,0.8802,0.9243002544529262,0.75168132436627,0.8291012838801711,0.7013358778625953,0.5591293396558719,11,12,3.9421423631720245
8,radial_segment_2d_fuzziness_000,2,co2,8,0.912,0.9230279898218829,0.8197740112994351,0.8683423099940156,0.7158223455933381,0.5935358025660784,10,11,2.0772157423198223
