shape,label_noise,n_samples,seed,dataset,data_dim,algorithm,depth,accuracy,coverage,density,f_score,gini_coverage_all_leaves,gini_density_all_leaves,splits,leaves,total_active_feature_count,avg_active_feature_count,lambda_reg,threshold_value,alpha,runtime
rectangle_2d,0.0,10000,1,rectangle_2d_fuzziness_000,2,oc1,0,0.7506,0.0,,,0.0,0.0,0,1,0,0.0,0.0,0.0,,0.0004548761062324047
rectangle_2d,0.0,10000,1,rectangle_2d_fuzziness_000,2,oc1,1,0.7506,0.0,,,0.4987971130713713,0.49558563332465155,1,2,2,0.0,0.0,0.0,,44.61003751074895
rectangle_2d,0.0,10000,1,rectangle_2d_fuzziness_000,2,oc1,2,0.7506,0.0,,,0.6110665597433842,0.5780765067092022,2,3,2,2.0,0.0,0.0,,75.31183538073674
rectangle_2d,0.0,10000,1,rectangle_2d_fuzziness_000,2,oc1,3,0.9034,0.9057738572574178,0.7555183946488294,0.8238512035010941,0.7462710505212511,0.6851669436816503,4,5,2,2.0,0.0,0.0,,95.41590229328722
rectangle_2d,0.0,10000,1,rectangle_2d_fuzziness_000,2,oc1,4,0.9416,0.9065757818765036,0.8656202143950995,0.8856247551899726,0.8186504754267385,0.7436594803751111,6,7,2,2.0,0.0,0.0,,102.59919559396803
rectangle_2d,0.0,10000,1,rectangle_2d_fuzziness_000,2,oc1,5,0.9881,0.967121090617482,0.9848917925683952,0.9759255512846449,0.8554753630936471,0.7690052054778451,8,9,2,2.0,0.0,0.0,,108.03041169419885
