seed,dataset,data_dim,algorithm,depth,accuracy,coverage,density,f_score,gini_coverage_all_leaves,gini_density_all_leaves,splits,leaves,runtime
1,saddle_3d_fuzziness_005,3,co2,0,0.5045,0.0,,,0.0,0.0,0,1,9.632064029574394e-05
1,saddle_3d_fuzziness_005,3,co2,1,0.6505,0.943087790110999,0.5925691098148618,0.7278249357526672,0.44308779011099886,0.31624966721955183,1,2,0.039391324389725924
1,saddle_3d_fuzziness_005,3,co2,2,0.7954,0.8887991927346115,0.7465672147821665,0.8114980652294086,0.6578708375378406,0.38780225629917453,3,4,0.4754085219465196
1,saddle_3d_fuzziness_005,3,co2,3,0.7781,0.9273461150353178,0.7119615742175395,0.8055044263300902,0.7730575176589305,0.4031541867416488,5,6,1.4883203119970858
1,saddle_3d_fuzziness_005,3,co2,4,0.7888,0.9233097880928355,0.7253844934200095,0.8124667021843368,0.8291876892028256,0.49577770670835486,7,8,1.1410594871267676
1,saddle_3d_fuzziness_005,3,co2,5,0.7834,0.9249243188698285,0.7186764936490513,0.8088598658665724,0.8125126135216953,0.5329961790072815,6,7,1.4436383531428874
