seed,dataset,data_dim,algorithm,depth,accuracy,coverage,density,f_score,gini_coverage_all_leaves,gini_density_all_leaves,splits,leaves,runtime
1,sine_wave_2d_fuzziness_003,2,co2,0,0.773,0.0,,,0.0,0.0,0,1,8.476665243506432e-05
1,sine_wave_2d_fuzziness_003,2,co2,1,0.773,0.0,,,0.470044052863436,0.45721570581659265,1,2,1.7433256907388568
1,sine_wave_2d_fuzziness_003,2,co2,2,0.8218,0.8308370044052863,0.574299634591961,0.6791501620453726,0.6473568281938324,0.4867385975121168,3,4,1.8727856939658523
1,sine_wave_2d_fuzziness_003,2,co2,3,0.827,0.7894273127753304,0.5886990801576872,0.674444862627023,0.7337948395217118,0.441409452237967,6,7,2.4603375722654164
1,sine_wave_2d_fuzziness_003,2,co2,4,0.8432,0.6026431718061674,0.672566371681416,0.6356877323420075,0.6825550660792952,0.4465817101565259,9,10,3.44689106522128
1,sine_wave_2d_fuzziness_003,2,co2,5,0.8892,0.7577092511013216,0.7550482879719052,0.7563764291996482,0.7961086637298092,0.5418513235804931,11,12,2.8409081562422216
1,sine_wave_2d_fuzziness_003,2,co2,6,0.8934,0.7559471365638767,0.770197486535009,0.7630057803468207,0.8220893643801133,0.5842494772965263,13,14,3.1351169110275805
1,sine_wave_2d_fuzziness_003,2,co2,7,0.8956,0.7541850220264317,0.7788898999090081,0.766338406445837,0.8344162995594715,0.5604544465905248,15,16,3.3422733447514474
1,sine_wave_2d_fuzziness_003,2,co2,8,0.8956,0.7541850220264317,0.7788898999090081,0.766338406445837,0.8406322881575534,0.5540109072296884,16,17,3.372406179085374
