shape,label_noise,n_samples,seed,dataset,data_dim,algorithm,depth,accuracy,coverage,density,f_score,gini_coverage_all_leaves,gini_density_all_leaves,splits,leaves,total_active_feature_count,avg_active_feature_count,lambda_reg,threshold_value,alpha,runtime
sine_wave_2d,0.0,10000,8,sine_wave_2d_fuzziness_000,2,oc1,0,0.8411,0.0,,,0.0,0.0,0,1,0,0.0,0.0,0.0,,0.0005074660293757915
sine_wave_2d,0.0,10000,8,sine_wave_2d_fuzziness_000,2,oc1,1,0.8411,0.0,,,0.4653870358716172,0.46216076306354914,1,2,2,0.0,0.0,0.0,,46.805398296099156
sine_wave_2d,0.0,10000,8,sine_wave_2d_fuzziness_000,2,oc1,2,0.8411,0.0,,,0.6268093140339834,0.6282659125781012,2,3,2,2.0,0.0,0.0,,61.216505961026996
sine_wave_2d,0.0,10000,8,sine_wave_2d_fuzziness_000,2,oc1,3,0.8852,0.9496538703587162,0.5855646100116414,0.7244359097455592,0.7153870358716174,0.7010903190810289,3,4,2,2.0,0.0,0.0,,68.01110475789756
sine_wave_2d,0.0,10000,8,sine_wave_2d_fuzziness_000,2,oc1,4,0.9259,0.9370673379483953,0.6990610328638498,0.800752890561979,0.7559471365638768,0.7295864080235712,4,5,2,2.0,0.0,0.0,,72.87159068929031
sine_wave_2d,0.0,10000,8,sine_wave_2d_fuzziness_000,2,oc1,5,0.9429,0.6790434235368156,0.9464912280701754,0.7907658482960791,0.6896370883155023,0.6879334355915807,5,6,2,2.0,0.0,0.0,,76.40262618893757
sine_wave_2d,0.0,10000,8,sine_wave_2d_fuzziness_000,2,oc1,6,0.9608,0.8577721837633732,0.8914323086984958,0.8742783835792175,0.7297828823159218,0.665438522425507,7,8,2,2.0,0.0,0.0,,80.32598947593942
sine_wave_2d,0.0,10000,8,sine_wave_2d_fuzziness_000,2,oc1,7,0.9836,0.9326620516047829,0.9629629629629629,0.9475703324808183,0.800045769208765,0.622384364193791,10,11,2,2.0,0.0,0.0,,82.17414319003001
sine_wave_2d,0.0,10000,8,sine_wave_2d_fuzziness_000,2,oc1,8,0.9851,0.9326620516047829,0.9724409448818898,0.9521362030195953,0.8167086217747013,0.6481481915389073,11,12,2,2.0,0.0,0.0,,83.30682144779712
