seed,dataset,data_dim,algorithm,depth,accuracy,coverage,density,f_score,gini_coverage_all_leaves,gini_density_all_leaves,splits,leaves,runtime
11,star_2d_fuzziness_003,2,co2,0,0.6814,0.0,,,0.0,0.0,0,1,8.840160444378853e-05
11,star_2d_fuzziness_003,2,co2,1,0.6814,0.0,,,0.45166352793471454,0.35051791209632666,1,2,0.050599799025803804
11,star_2d_fuzziness_003,2,co2,2,0.7166,0.8757062146892656,0.5336648814078041,0.663180413596387,0.658662900188324,0.49471048975356946,3,4,0.16463430412113667
11,star_2d_fuzziness_003,2,co2,3,0.797,0.8575015693659761,0.6341689879294337,0.729116626634641,0.7492153170119269,0.5252284411087909,5,6,2.949130197055638
11,star_2d_fuzziness_003,2,co2,4,0.8738,0.8135593220338984,0.7950920245398773,0.804219671113869,0.7733050847457628,0.5518388871601778,7,8,2.214617957826704
11,star_2d_fuzziness_003,2,co2,5,0.8792,0.8022598870056498,0.8155711550733886,0.808860759493671,0.7920764455604383,0.5899272046344204,8,9,3.5334420930594206
11,star_2d_fuzziness_003,2,co2,6,0.8792,0.8022598870056498,0.8155711550733886,0.808860759493671,0.8057124921531702,0.5878961379296395,9,10,3.817571918014437
