seed,dataset,data_dim,algorithm,depth,accuracy,coverage,density,f_score,gini_coverage_all_leaves,gini_density_all_leaves,splits,leaves,runtime
1,star_2d_fuzziness_000,2,oc1,0,0.7646,0.0,,,0.0,0.0,0,1,0.0004092240706086159
1,star_2d_fuzziness_000,2,oc1,1,0.7646,0.0,,,0.4685641461342396,0.4127198023887504,1,2,17.331220799591392
1,star_2d_fuzziness_000,2,oc1,2,0.7646,0.0,,,0.5511186632681961,0.5097288559811528,2,3,27.319741080980748
1,star_2d_fuzziness_000,2,oc1,3,0.8458,0.8394222599830077,0.6292993630573248,0.7193301783764106,0.7051826677994903,0.6392199263164904,4,5,35.27775519900024
1,star_2d_fuzziness_000,2,oc1,4,0.9324,0.913338997451147,0.8199847444698704,0.8641479099678456,0.7542177448719505,0.681462001340007,6,7,38.61918577319011
1,star_2d_fuzziness_000,2,oc1,5,0.959,0.9082412914188616,0.9168096054888508,0.9125053350405463,0.8214953271028036,0.7259239859535069,9,10,40.74727083090693
1,star_2d_fuzziness_000,2,oc1,6,0.9658,0.9379779099405268,0.9184692179700499,0.9281210592686002,0.8162865172210965,0.6267729954258028,12,13,42.27413153415546
1,star_2d_fuzziness_000,2,oc1,7,0.9742,0.9379779099405268,0.9517241379310345,0.944801026957638,0.8292875348950117,0.6390207726933532,13,14,42.272053078282624
1,star_2d_fuzziness_000,2,oc1,8,0.9808,0.9371282922684792,0.9804444444444445,0.9582971329278888,0.8398753894080997,0.6517563754402611,14,15,42.55385727528483
