shape,label_noise,n_samples,seed,dataset,data_dim,algorithm,depth,accuracy,coverage,density,f_score,gini_coverage_all_leaves,gini_density_all_leaves,splits,leaves,total_active_feature_count,avg_active_feature_count,lambda_reg,threshold_value,alpha,runtime
star_2d,0.0,10000,8,star_2d_fuzziness_000,2,oc1,0,0.7673,0.0,,,0.0,0.0,0,1,0,0.0,0.0,0.0,,0.00044694915413856506
star_2d,0.0,10000,8,star_2d_fuzziness_000,2,oc1,1,0.7673,0.0,,,0.4858186506231199,0.4535288325221021,1,2,2,0.0,0.0,0.0,,44.23967841593549
star_2d,0.0,10000,8,star_2d_fuzziness_000,2,oc1,2,0.7673,0.0,,,0.5669674831686002,0.5323186549240362,2,3,2,2.0,0.0,0.0,,71.8305433942005
star_2d,0.0,10000,8,star_2d_fuzziness_000,2,oc1,3,0.8349,0.8620541469703481,0.6013189448441247,0.7084584142680559,0.7370863773098411,0.6944531645093404,4,5,2,2.0,0.0,0.0,,89.93762674042955
star_2d,0.0,10000,8,star_2d_fuzziness_000,2,oc1,4,0.9509,0.9565964761495488,0.8509174311926605,0.9006676107626947,0.7916999201915402,0.703838237943998,6,7,2,2.0,0.0,0.0,,99.46248843474314
star_2d,0.0,10000,8,star_2d_fuzziness_000,2,oc1,5,0.9535,0.9677696605070907,0.8523845571536715,0.9064198027772188,0.7697082557417754,0.5923957164481044,8,9,2,2.0,0.0,0.0,,104.4984411788173
star_2d,0.0,10000,8,star_2d_fuzziness_000,2,oc1,6,0.9719,0.9651912333476579,0.9182338511856092,0.9411271736853133,0.8090010548111106,0.6375272768462141,10,11,2,2.0,0.0,0.0,,107.56470178766176
star_2d,0.0,10000,8,star_2d_fuzziness_000,2,oc1,7,0.9848,0.9656209712075634,0.9689521345407504,0.9672836848902282,0.838517734950911,0.6768866766421147,12,13,2,2.0,0.0,0.0,,110.2202400136739
