accuracy,coverage,density,f_score,total_active_feature_count,avg_active_feature_count,class1_leaf_count,depth,splits,leaves,axis_aligned_splits,n_features,n_samples,runtime
0.6379,0.0,0.0,0.0,0,0.0,0,0,0,1,0,2,10000,179.30853190000198
0.6379,0.0,0.0,0.0,2,1.5,0,1,1,2,0,2,10000,179.30853190000198
0.7254,0.8191107428887048,0.5865137433260826,0.6835676423138972,2,1.5,1,2,3,4,1,2,10000,179.30853190000198
0.8018,0.7616680475006904,0.7113747743100335,0.7356628434249133,2,1.5,1,3,7,8,3,2,10000,179.30853190000198
0.8625,0.747859707263187,0.8542586750788643,0.7975261375349728,2,1.5,2,4,15,16,8,2,10000,179.30853190000198
0.8821,0.8271195802264568,0.8441375422773394,0.8355419165852978,2,1.5,4,5,28,29,13,2,10000,179.30853190000198
0.9038,0.8345760839547086,0.8927621861152142,0.8626891236083357,2,1.5,6,6,49,50,19,2,10000,179.30853190000198
0.9136,0.843965755316211,0.9108792846497764,0.8761467889908257,2,1.5,11,7,75,76,29,2,10000,179.30853190000198
0.9215,0.8572217619442143,0.9205219454329775,0.8877448877448878,2,1.5,17,8,94,95,34,2,10000,179.30853190000198
