accuracy,coverage,density,f_score,total_active_feature_count,avg_active_feature_count,class1_leaf_count,depth,splits,leaves,n_features,n_samples,runtime
0.5363,0.0,0.0,0.0,0,0.0,0,0,0,1,33,10000,2779.142442199998
0.6034,0.28251024369204225,0.672139558748076,0.3978135438809596,33,33.0,1,1,1,2,33,10000,2779.142442199998
0.604,0.7006685356911796,0.558151520357327,0.621342512908778,33,33.0,3,2,3,4,33,10000,2779.142442199998
0.6359,0.5456113866724175,0.6225393700787402,0.5815423514538559,33,33.0,5,3,7,8,33,10000,2779.142442199998
0.653,0.4442527496226008,0.6975956654249915,0.5428194993412385,33,33.0,7,4,13,14,33,10000,2779.142442199998
0.6698,0.5404356264826397,0.6815338591242861,0.6028385855184026,33,33.0,11,5,20,21,33,10000,2779.142442199998
0.6776,0.5732154410178995,0.6810146041506533,0.6224824355971897,33,33.0,14,6,28,29,33,10000,2779.142442199998
0.6817,0.6154841492344189,0.6708979783732957,0.641997525587673,33,33.0,17,7,34,35,33,10000,2779.142442199998
0.6817,0.6154841492344189,0.6708979783732957,0.641997525587673,33,33.0,17,8,35,36,33,10000,2779.142442199998
