accuracy,coverage,density,f_score,total_active_feature_count,avg_active_feature_count,class1_leaf_count,depth,splits,leaves,axis_aligned_splits,n_features,n_samples,runtime
0.7631,0.0,0.0,0.0,0,0.0,0,0,0,1,0,2,10000,149.20796160000464
0.7631,0.0,0.0,0.0,1,2.0,0,1,1,2,1,2,10000,149.20796160000464
0.7631,0.0,0.0,0.0,2,2.0,0,2,3,4,1,2,10000,149.20796160000464
0.8326,0.8277754326720135,0.607685156492098,0.7008577555396712,2,2.0,2,3,7,8,3,2,10000,149.20796160000464
0.9264,0.7990713381173491,0.8792382721783558,0.8372401592215835,2,2.0,4,4,13,14,6,2,10000,149.20796160000464
0.9589,0.9611650485436893,0.8771186440677966,0.9172205438066465,2,2.0,9,5,22,23,8,2,10000,149.20796160000464
0.9726,0.9514563106796117,0.9341069208454207,0.9427017984107068,2,2.0,13,6,34,35,15,2,10000,149.20796160000464
0.9853,0.9691853102574927,0.9687763713080169,0.9689807976366323,2,2.0,19,7,50,51,25,2,10000,149.20796160000464
0.9922,0.9894470240607851,0.9778890279516061,0.9836340746957616,2,2.0,29,8,68,69,37,2,10000,149.20796160000464
