accuracy,coverage,density,f_score,total_active_feature_count,avg_active_feature_count,class1_leaf_count,depth,splits,leaves,axis_aligned_splits,n_features,n_samples,runtime
0.7631,0.0,0.0,0.0,0,0.0,0,0,0,1,0,2,10000,162.3620418000064
0.7631,0.0,0.0,0.0,1,2.0,0,1,1,2,1,2,10000,162.3620418000064
0.7631,0.0,0.0,0.0,2,2.0,0,2,3,4,1,2,10000,162.3620418000064
0.8326,0.8277754326720135,0.607685156492098,0.7008577555396712,2,2.0,2,3,7,8,3,2,10000,162.3620418000064
0.9263,0.7982271000422119,0.8795348837209302,0.8369108209780926,2,2.0,3,4,12,13,6,2,10000,162.3620418000064
0.9588,0.9603208104685521,0.8773621288083301,0.916968964127368,2,2.0,8,5,21,22,8,2,10000,162.3620418000064
0.9721,0.9497678345293372,0.9336099585062241,0.9416195856873822,2,2.0,11,6,30,31,14,2,10000,162.3620418000064
0.9845,0.9658083579569439,0.9686706181202371,0.9672373705347708,2,2.0,14,7,41,42,21,2,10000,162.3620418000064
0.986,0.9725622625580413,0.9684741488020177,0.970513900589722,2,2.0,17,8,48,49,25,2,10000,162.3620418000064
