accuracy,coverage,density,f_score,total_active_feature_count,avg_active_feature_count,class1_leaf_count,depth,splits,leaves,axis_aligned_splits,n_features,n_samples,runtime
0.6379,0.0,0.0,0.0,0,0.0,0,0,0,1,0,2,10000,155.0569736999969
0.6379,0.0,0.0,0.0,2,1.0,0,1,1,2,0,2,10000,155.0569736999969
0.7254,0.8191107428887048,0.5865137433260826,0.6835676423138972,2,1.0,1,2,2,3,1,2,10000,155.0569736999969
0.8018,0.7616680475006904,0.7113747743100335,0.7356628434249133,2,1.0,1,3,4,5,2,2,10000,155.0569736999969
0.8553,0.7172051919359294,0.8599337748344371,0.7821111278421924,2,1.0,1,4,7,8,4,2,10000,155.0569736999969
0.8744,0.8019884009942005,0.8434504792332268,0.8221970554926387,2,1.0,3,5,11,12,7,2,10000,155.0569736999969
0.8915,0.820215410107705,0.872502937720329,0.8455516014234876,2,1.0,4,6,15,16,9,2,10000,155.0569736999969
0.9016,0.8464512565589616,0.877469224162611,0.8616811920157437,2,1.0,7,7,22,23,11,2,10000,155.0569736999969
0.9043,0.8461750897542115,0.8845265588914549,0.8649258997882852,2,1.0,13,8,33,34,15,2,10000,155.0569736999969
