accuracy,coverage,density,f_score,total_active_feature_count,avg_active_feature_count,class1_leaf_count,depth,splits,leaves,axis_aligned_splits,n_features,n_samples,runtime
0.5936,0.0,0.0,0.0,0,0.0,0,0,0,1,0,2,10000,165.6261904999992
0.6094,0.9697342519685039,0.5102278612118073,0.6686460807600949,2,2.0,1,1,1,2,0,2,10000,165.6261904999992
0.8116,0.9239665354330708,0.7045028142589118,0.7994464551841601,2,2.0,1,2,2,3,0,2,10000,165.6261904999992
0.8341,0.906003937007874,0.7424884049203468,0.8161365399534523,2,2.0,1,3,3,4,0,2,10000,165.6261904999992
0.8559,0.8779527559055118,0.7906049191225349,0.831992538183514,2,2.0,1,4,5,6,0,2,10000,165.6261904999992
0.8559,0.8779527559055118,0.7906049191225349,0.831992538183514,2,2.0,2,5,9,10,1,2,10000,165.6261904999992
0.8639,0.8629429133858267,0.813500347947112,0.8374925373134329,2,2.0,6,6,15,16,4,2,10000,165.6261904999992
0.8756,0.8868110236220472,0.821330902461258,0.8528159015617606,2,2.0,10,7,24,25,7,2,10000,165.6261904999992
0.8968,0.8786909448818898,0.8688564476885645,0.8737460239784683,2,2.0,18,8,40,41,15,2,10000,165.6261904999992
