accuracy,coverage,density,f_score,total_active_feature_count,avg_active_feature_count,class1_leaf_count,depth,splits,leaves,axis_aligned_splits,n_features,n_samples,runtime
0.6822,0.0,0.0,0.0,0,0.0,0,0,0,1,0,2,10000,175.03441600000224
0.6822,0.0,0.0,0.0,2,1.0,0,1,1,2,0,2,10000,175.03441600000224
0.6822,0.0,0.0,0.0,2,1.0,0,2,2,3,1,2,10000,175.03441600000224
0.6949,0.9669603524229075,0.5105499252367502,0.6682613895835599,2,1.0,1,3,3,4,2,2,10000,175.03441600000224
0.7736,0.9528005034612964,0.5888759237650719,0.7278846153846154,2,1.0,1,4,4,5,2,2,10000,175.03441600000224
0.7736,0.9528005034612964,0.5888759237650719,0.7278846153846154,2,1.0,2,5,5,6,2,2,10000,175.03441600000224
0.8567,0.6639395846444305,0.8525252525252526,0.7465062798514064,2,1.0,2,6,7,8,2,2,10000,175.03441600000224
0.9089,0.8011327879169289,0.9012389380530973,0.8482425453939697,2,1.0,3,7,9,10,2,2,10000,175.03441600000224
0.9378,0.9194461925739459,0.8886861313868614,0.9038045159294773,2,1.0,4,8,11,12,3,2,10000,175.03441600000224
