accuracy,coverage,density,f_score,total_active_feature_count,avg_active_feature_count,class1_leaf_count,depth,splits,leaves,axis_aligned_splits,n_features,n_samples,runtime
0.6822,0.0,0.0,0.0,0,0.0,0,0,0,1,0,2,10000,209.47147369999584
0.6822,0.0,0.0,0.0,2,1.0,0,1,1,2,0,2,10000,209.47147369999584
0.6822,0.0,0.0,0.0,2,1.0,0,2,2,3,1,2,10000,209.47147369999584
0.6949,0.9669603524229075,0.5105499252367502,0.6682613895835599,2,1.0,1,3,3,4,2,2,10000,209.47147369999584
0.7736,0.9528005034612964,0.5888759237650719,0.7278846153846154,2,1.0,1,4,4,5,2,2,10000,209.47147369999584
0.7736,0.9528005034612964,0.5888759237650719,0.7278846153846154,2,1.0,2,5,6,7,2,2,10000,209.47147369999584
0.8567,0.6639395846444305,0.8525252525252526,0.7465062798514064,2,1.0,2,6,9,10,3,2,10000,209.47147369999584
0.9141,0.8143486469477659,0.9058452922646132,0.8576636288318144,2,1.0,4,7,14,15,4,2,10000,209.47147369999584
0.9441,0.9358086847073631,0.8933613697807149,0.9140925157522668,2,1.0,9,8,21,22,9,2,10000,209.47147369999584
