accuracy,coverage,density,f_score,total_active_feature_count,avg_active_feature_count,class1_leaf_count,depth,splits,leaves,axis_aligned_splits,n_features,n_samples,runtime
0.6822,0.0,0.0,0.0,0,0.0,0,0,0,1,0,2,10000,171.92266609999933
0.6822,0.0,0.0,0.0,2,1.5,0,1,1,2,0,2,10000,171.92266609999933
0.6822,0.0,0.0,0.0,2,1.5,0,2,3,4,1,2,10000,171.92266609999933
0.6949,0.9669603524229075,0.5105499252367502,0.6682613895835599,2,1.5,1,3,7,8,5,2,10000,171.92266609999933
0.7761,0.9625550660792952,0.5906545665186329,0.7320808902716286,2,1.5,2,4,13,14,7,2,10000,171.92266609999933
0.7761,0.9625550660792952,0.5906545665186329,0.7320808902716286,2,1.5,3,5,17,18,8,2,10000,171.92266609999933
0.8618,0.68313404657017,0.8527101335428122,0.7585604472396925,2,1.5,4,6,21,22,10,2,10000,171.92266609999933
0.9192,0.8335431088735054,0.9047131147540983,0.8676711431378971,2,1.5,6,7,26,27,11,2,10000,171.92266609999933
0.9481,0.9518565135305224,0.8920672368033029,0.920992540721571,2,1.5,9,8,31,32,13,2,10000,171.92266609999933
