accuracy,coverage,density,f_score,total_active_feature_count,avg_active_feature_count,class1_leaf_count,depth,splits,leaves,axis_aligned_splits,n_features,n_samples,runtime
0.7484,0.0,0.0,0.0,0,0.0,0,0,0,1,0,2,10000,147.77039400005015
0.7484,0.0,0.0,0.0,2,1.5,0,1,1,2,0,2,10000,147.77039400005015
0.7484,0.0,0.0,0.0,2,1.5,0,2,3,4,1,2,10000,147.77039400005015
0.8949,0.9093799682034976,0.735454837672774,0.8132219655233694,2,1.5,1,3,6,7,3,2,10000,147.77039400005015
0.9315,0.904610492845787,0.836457184858508,0.8691999236203932,2,1.5,1,4,10,11,5,2,10000,147.77039400005015
0.9704,0.9829093799682035,0.9071900220102714,0.9435330026707363,2,1.5,4,5,16,17,9,2,10000,147.77039400005015
0.9854,0.996422893481717,0.9481845688350984,0.9717054263565892,2,1.5,11,6,25,26,13,2,10000,147.77039400005015
0.9917,0.9936406995230525,0.9738994935722634,0.9836710603974032,2,1.5,15,7,35,36,14,2,10000,147.77039400005015
0.9962,0.9984101748807631,0.9866457187745483,0.9924930857368628,2,1.5,16,8,39,40,15,2,10000,147.77039400005015
