accuracy,coverage,density,f_score,total_active_feature_count,avg_active_feature_count,class1_leaf_count,depth,splits,leaves,axis_aligned_splits,n_features,n_samples,runtime
0.5363,0.0,0.0,0.0,0,0.0,0,0,0,1,0,2,10000,153.00305689999368
0.6028,0.2784127668751348,0.6734480959833072,0.39395788831248096,1,2.0,1,1,1,2,1,2,10000,153.00305689999368
0.6036,0.6980806555962907,0.5580072401310119,0.6202337612569458,2,2.0,3,2,3,4,1,2,10000,153.00305689999368
0.6195,0.39465171447056285,0.6471004243281471,0.4902880107166778,2,2.0,5,3,7,8,3,2,10000,153.00305689999368
0.6255,0.5272805693336209,0.6115557778889444,0.5662999420961204,2,2.0,9,4,13,14,7,2,10000,153.00305689999368
0.6292,0.4906189346560276,0.628279480806407,0.5509808670380238,2,2.0,10,5,21,22,11,2,10000,153.00305689999368
0.6331,0.44511537632089715,0.6531645569620254,0.5294343978453252,2,2.0,14,6,28,29,13,2,10000,153.00305689999368
0.6352,0.4947164114729351,0.6373992775771048,0.5570665371539583,2,2.0,18,7,35,36,18,2,10000,153.00305689999368
0.6382,0.4927755014017684,0.6434807096592509,0.558133854421104,2,2.0,20,8,40,41,20,2,10000,153.00305689999368
