accuracy,coverage,density,f_score,total_active_feature_count,avg_active_feature_count,class1_leaf_count,depth,splits,leaves,axis_aligned_splits,n_features,n_samples,runtime
0.8436,0.0,0.0,0.0,0,0.0,0,0,0,1,0,2,10000,127.75929129996803
0.8436,0.0,0.0,0.0,2,1.5,0,1,1,2,0,2,10000,127.75929129996803
0.8436,0.0,0.0,0.0,2,1.5,0,2,3,4,1,2,10000,127.75929129996803
0.8604,0.9322250639386189,0.5305676855895196,0.6762523191094619,2,1.5,1,3,6,7,2,2,10000,127.75929129996803
0.8915,0.9443734015345269,0.5967676767676767,0.731369150779896,2,1.5,2,4,11,12,4,2,10000,127.75929129996803
0.9242,0.8145780051150895,0.7313432835820896,0.7707199032062916,2,1.5,4,5,17,18,7,2,10000,127.75929129996803
0.9386,0.9194373401534527,0.7466251298026999,0.8240687679083095,2,1.5,8,6,22,23,10,2,10000,127.75929129996803
0.961,0.9661125319693095,0.8176406926406926,0.8856975381008205,2,1.5,10,7,28,29,14,2,10000,127.75929129996803
0.9785,0.9648337595907929,0.9041342121030557,0.9334982987936901,2,1.5,11,8,35,36,17,2,10000,127.75929129996803
