accuracy,coverage,density,f_score,total_active_feature_count,avg_active_feature_count,class1_leaf_count,depth,splits,leaves,axis_aligned_splits,n_features,n_samples,runtime
0.5363,0.0,0.0,0.0,0,0.0,0,0,0,1,0,3,10000,228.3281205999956
0.6028,0.2784127668751348,0.6734480959833072,0.39395788831248096,1,3.0,1,1,1,2,1,3,10000,228.3281205999956
0.6036,0.6980806555962907,0.5580072401310119,0.6202337612569458,3,3.0,3,2,3,4,1,3,10000,228.3281205999956
0.6389,0.4817770109984904,0.6490412550842534,0.5530387424186162,3,3.0,4,3,7,8,1,3,10000,228.3281205999956
0.6424,0.5794694845805478,0.623000231857176,0.6004469273743017,3,3.0,9,4,13,14,4,3,10000,228.3281205999956
0.6425,0.5807634246279922,0.6228029602220166,0.6010489900680728,3,3.0,12,5,18,19,9,3,10000,228.3281205999956
0.6454,0.5952124218244554,0.6231655001128923,0.6088682991396427,3,3.0,14,6,23,24,12,3,10000,228.3281205999956
0.6484,0.5777442311839551,0.6322869955156951,0.6037863421230562,3,3.0,16,7,26,27,15,3,10000,228.3281205999956
0.6484,0.5777442311839551,0.6322869955156951,0.6037863421230562,3,3.0,17,8,29,30,16,3,10000,228.3281205999956
