accuracy,coverage,density,f_score,total_active_feature_count,avg_active_feature_count,class1_leaf_count,depth,splits,leaves,axis_aligned_splits,n_features,n_samples,runtime
0.7631,0.0,0.0,0.0,0,0.0,0,0,0,1,0,2,10000,139.16016630000377
0.7631,0.0,0.0,0.0,1,2.0,0,1,1,2,1,2,10000,139.16016630000377
0.7631,0.0,0.0,0.0,2,2.0,0,2,2,3,1,2,10000,139.16016630000377
0.8325,0.8269311945968764,0.6076302729528535,0.70051850527445,2,2.0,1,3,4,5,2,2,10000,139.16016630000377
0.9262,0.7973828619670748,0.8798323241732651,0.8365810451727193,2,2.0,2,4,7,8,4,2,10000,139.16016630000377
0.9581,0.9565217391304348,0.8776142525174283,0.915370632195516,2,2.0,5,5,11,12,5,2,10000,139.16016630000377
0.969,0.935415787252005,0.9338390223345976,0.934626739772248,2,2.0,6,6,14,15,6,2,10000,139.16016630000377
0.9763,0.9447024060785142,0.9547781569965871,0.9497135582431573,2,2.0,7,7,18,19,8,2,10000,139.16016630000377
0.9795,0.9548332629801604,0.9584745762711865,0.9566504546415734,2,2.0,10,8,24,25,10,2,10000,139.16016630000377
