seed,dataset,data_dim,algorithm,depth,accuracy,coverage,density,f_score,gini_coverage_all_leaves,gini_density_all_leaves,gini_coverage_class_1_leaves,gini_density_class_1_leaves,splits,leaves,runtime
1,barbell_2d_fuzziness_007,2,co2,0,0.5438,0.0,,,0.0,0.0,0.0,0.0,0,1,5.889998283237219e-05
1,barbell_2d_fuzziness_007,2,co2,1,0.5438,0.0,,,0.4767645769399387,0.29231321593434756,0.0,0.0,1,2,0.045763200003420934
1,barbell_2d_fuzziness_007,2,co2,2,0.594,0.922840859272249,0.5316999242232887,0.6746794871794872,0.698925909688733,0.4002144147082638,0.0,0.0,3,4,0.6144818000029773
1,barbell_2d_fuzziness_007,2,co2,3,0.6246,0.8711091626479615,0.5565826330532213,0.6792001367287643,0.7516440157825515,0.40725031575230153,0.0,0.0,5,6,0.9980043999967165
1,barbell_2d_fuzziness_007,2,co2,4,0.659,0.900043840420868,0.581586402266289,0.7065909482016864,0.8007452871547567,0.4367550485323006,0.5754180873518431,0.027230556979392473,9,10,1.339455600013025
1,barbell_2d_fuzziness_007,2,co2,5,0.682,0.9298553266111355,0.5972965361869896,0.727366255144033,0.7835160017536169,0.43837742529648005,0.5342762847713343,0.06117098577213076,14,15,0.0
